Subject Key Identifier,SHA-256(Subject Public Key Info)
+7Fcm23oJeSpqjJE7wKDRQ3mBuw=,MVMlLVSuPCsjBPpRJDS58UQY/zjpXGHm1421XRAU7qY=
+DjuXG7tq5agRes2D9zZqzoxWP0=,bGSYHyXRwmUUVIDMm65v5m03+xxXjJseUkA43YqgdRQ=
+Qg1hXxYApJhBz1frujiGcE/Xh8=,ABy/RCEHmyhvfOAYTPx8Jw2HEole1OWFwl7jXklUBMM=
+SSsD7K1+HnA+mCIG8TZTQKeFxk=,ztQ5AqtftXtEIyLcDhcqT7VfcXi4CPlOeApv1sxr2Bg=
+fXLjExeWQbz/RNQK+d19FgoU9c=,peD3zacz0HzOc7mIYbmECCSITzeUt98LsWJsir0LMqc=
+obJ2+C66Xj1S6jWFd/w0+FqFDw=,gamPx4jDX1V2RalSJOUM0drI/7IJ3B5WiKopIF8TIhg=
+pQn51pJ6BTgqshfBu9DJ5O9M+U=,Dv4K1/EC7vidvR/3frE0XEV3cO8m63cT+UvicJS/Y6U=
+qrVDQhF9UQVXyOzOyvJOIEOUKU=,6TD06FDNKtt2y+NC54mE51VzSKCRjk5WOu3j42YvXjE=
+syQntoRJCDmIjUUQb+vy7WWIxY=,Y2wi0vPnIMczbClt/47u/FdexBFbNIN8kJ0SLkdhk70=
+thxMjzc6tI1fl/YZOLx/xxmq20=,V+iy+tAeMX9lDedsiiJL/8dZxPz+eL1s19Q5oU1d1Vg=
+xuQk/2Y2n+SahpGJjbR84+HAOA=,GGJzw3LLEOP4JtmAFv8Awu9Z+cX6T0dFquWKmJNwgUE=
/3TCaTrwhJ+cApPNn5733f8BxWU=,DJCBOmcDkkMDPOLzjBDpM1LWAApmdi0yJ4VnvkdKwq8=
/4pGcjNY6EiIIqoXaNoWSAmLNZE=,KDMQgZ9eCSBJlditn/b8EHRil7XArga90eESSxCg160=
/GNEzTzQhWLWzQZoa0I6HyMtSXw=,aulESoA+iJhchknPGeyDk9m1L0N6EUTu5p9c8NBaO+w=
/IhMjm0EoSCQ0/gcmrNnBF95gMY=,9eGcjhT+dV9VHOwrcRPnyYAjsXbr5sGrz4crKnuTIwQ=
/IpQup65JVp7VYVPlQBjj+lYa0M=,OTV6OSADZrQuFMItaBc+5XvItK1Ljeify/yvIthNjvM=
/OBm9lo1metAHtK4HkO8mI4fisM=,W/Wp5ZnTuczVLFX/J3Ae5E5SSo1d4Q2M54oBISOitbg=
/Rl3eyyt73fT+1tKeAkwdMA2W64=,ThSrVCUxH/JTh8fIngNv4Vzy+/7CKFdJoP6JvtLktHA=
/axhMpNsRdbi7oVfmrrndplozOc=,MrZLZnJ6IGPkBm87lYywqu5Xal7O/ZUzmbuIdHMdlYc=
/dFYQ0tPMQ9nXj94b27GX221Egk=,K7XCijTJo33ZYEUAypswONAFKLR0dzonMq6nnkkFwjQ=
0/vgTeRNiIX0UalveXXpwCkhLhM=,X1doh/woFZbm3JRZoKBDjL9lAi3xfjtIC2YHl41MiWI=
00Rv2f56/N6sHHqiIQ1k+mWw14I=,pdw+szkFhaLHw56vsd/eV19nZd8tlYabs6ie9lk3vz0=
01j88i+29bzQ3CcZPqo8aSmImXY=,nHPHSx0W0mdqSQjhtFzdgOtfJV2SXtHsb8CuO3Ee9P8=
0E4PQJlsuEsZbzsouODjiAc0qrc=,CRxFYIA6ZFLcP+4FDqpR9eLctUe8TmWSv7laT98oZLc=
0Eq1J5MbRuurOEZ8kFXhFmEfb9U=,DQLm4EJaHca1EP6iGqrLE8sX+iLCrZM4rVMBdGMabCs=
0OF/HccyvOKQu1gUgBTGX53swao=,ggJ5098QmqH3PdF1QDAwBmpU95MidWrmrqEEXP06jjI=
0QnQ6dfOeXRU+Tows/RtLAMDG2g=,/YctF2YX5QwmYRnQ/bBHsHMtogSLEhr3uYYMo+Ly8r4=
0YOGOmxDCocM23+cp3apJE/PFpo=,oS4oGvFscqsrhoI3nXORpro4kD/M/jdmzGcC1q/zsN4=
0Z4yJ6d4/24gMVrcj7mu/68LHL8=,+OUacyVdUU4s/v34I4qhNBtdNLM7zFrqWVm3BiUM0EA=
0jiV9q0udbSeVHzvYBRHKzXqTnM=,uhhle0sgtCUt8zf+D0Cf3Eerv6mJ67qmWkN8DO3iT/s=
0lvzSyZLpbDnXf1Wf/bxLjhOU6A=,D+xNuAIMpv393LSU0cRCCH9vZseSbnranouqWRatuAQ=
0sSw0pHUTBFxs2HLPaH+3ahq1OM=,VjLZe/p3W/PJnd6lL8JVNBCGQBZynFLdZSTIqcO0SJ8=
10lDfIgylGJMu2CFE9Fg+lx9akQ=,WPX+jQGcgFjHN2GpOPWYR6tbY2eVoYuWEVvv4+a8918=
1G29slW7Uksq6LPfbafYAftnn3I=,xJ92AG7f7Ol2riQFDbbadWxQDX8/LUfGkyM4nUjROkw=
1KL8n7PD2APTV1wHpNAkp8DyANQ=,k5KuIUmSSt435kXbof9L3dzaKykbYJdmnSr6XHo3Jhk=
1RvSej4ilWyLSLwaebnXhuh/4Tc=,xtYGt02m4umLJCyy0kfaczCboF12WILjsGOb1umDfX0=
1XAX497Bl/QIPuk6EbPoiPGQR+Q=,oEOSmBcjAaroYdAkn7DUz1C2Koa0gSOLPXbSOqBtbDk=
1YFBFO6FExiH020U5d2Y4CTuv3I=,ve+U6P2+XQV9rTV10rVlvWbg9mlz8/pQbH3JCjpiEj8=
2+nhm9LRJAv8q+OgZ+qunEt39LA=,AGyyJqdyxxgtd3I4Pjc/DyKeff40RIEKjW5QkF0g1mE=
21tH2ZVrwxlroLp60B/QsiUr91U=,gXvLU3CNEHNB5Ic+hCL/qrjKWnI8gXytmc3KTWTX0G0=
23x441HMl0Ht1lfZUn4QFI6tei0=,gTx6a7x21SqM6Vyrzw1arzkieM7xKI6bXfsBAmtbVpc=
2BLu/6qCEQlUJylppGkbt5XqjVo=,bfpySlaB+u0kCq90PhKMHrRX18wbcbKhot0ocldR7Kk=
2T5qEZGcATntW1nw+NWaiQU7/nw=,+4torYnIALHsmAj2PAQ++bPJAG/8nyqkVCVByf4A6Jw=
2TP4uM6zRg6lnv6/CT1pVHrbaOs=,NpqkpvrzDWsF9I544JZ694CcKp1bipslmUA+kgZM0Do=
2TezTgX92c+fEhautokv6yU6iBw=,RK+K/PE5XSqOMO+BLOGc6y6JSN/SHgD7qjRon5okch8=
2VMgPXbz4JJOvlVa/WV/DP+ReqU=,OnrecqyLw7jsbT1pHFbCLXLvRQa55MkX55CzvBZ2WB4=
2WJ0iheLXBYiYrwnDuPvGpyctUM=,lzca5Nz++X+I1DGPLAstfGhWF4ddNrefBpEbh69JpEQ=
2a2snF6rl/u0xrsRNKn7/vKvfeg=,JnlCed7Gh0lxLvHGOnELVrpxdxbr2QUqRJByCV4/ifQ=
2cPT+ICSZ8xd0jqi13GitMQ4gC0=,zEmXhjyMSKTLXD5lN9wGAo2GOL5J9fiiulby8siox3k=
2gVJ7lHpFjlqEV48qi1WPDApsTE=,72FJ8aYF1WjPJkpPvAb50MY7depOB2mVU3ou2ComfvM=
2lBE9MwKUZaQvtpnQaOE00qjPSI=,ZAbZCLEf3K7CQuXqtuiQTHvjJKHJxHFMZrzwHNWDEnk=
2rsuqrAMuIgmUXRcbQPTwNiPetY=,lpkiXF3lLlbN0y3y6W0c/qWqPKC7Us2JM8I7XCdEOCA=
2svqrVsIXcz//CZUzknlVcY49Pg=,pTtKaP9qXpctfGtRB92NXLFVSuS6JLNrUFJRpDh3ZS8=
2u1kdBScFDyr3ZmpvVsoTYs8ydg=,D+FMJksXu28NZT56cOs2Pb9UvhWAOe3a5cJXEd9IwQM=
2uIjCrB8zWGyzjbz7wYVsCC050o=,YUKvsWhjj1NNnj+OM8jIu3aGE6jusCeFWvgKGtv74EE=
2x8182tM/0IxZJvNu1oeHUgQt+4=,qGvauPSAtuuJQquRcL3QmRlxp60TXfu8tyhfB6fR44o=
2yx/kJugb8PlnRm2ZEEj9RndmyY=,FgVGEqgfXMjFpg+GctjgC+jB5V38bDGbwmJbTQQ9YRU=
3PdBtkkbQD4Gk8dnvS366gdNsAQ=,XZgDNcM4Fszvnbmzv/feo5ar8Kl+Rgyiu0Aes44Kq6Y=
3TCJ89Lk+n4e7EtTMEEbHGTX3rs=,yV9gD+3WyAxuSMfg5TQbxuaF9kEAgc2wQkPtRc8log8=
3dROZ0M/0+pi6NqJbo47bgu7lZ8=,rPetmObwZYZub4zfDOtvdIH2lXtt/4I/a5TXnwGmHDk=
4/zCRemBm6zMofs2o3m0+teT2D4=,Gyp0h1EZ73Czrcfjf6IV375jpVZXiBI6MX8emhzYBrs=
41sXvNYsMmUyQN1NF8A33jpNX1w=,78CQ12sXrpNyMhsjBLd23pJhUWQd2b+8LfCRWBCibwg=
43Mt38sOKAze3bOkynm4jrvoMIk=,dy/Myn0WRtYGKBNP8ubn9boJWJi+WWmLzp0V+W9pqfM=
44fD7B3EJbft95IbNjHarNG5zPI=,OgpbVBKKJhbogb54CX8Oo9l2b6/d+IWJRcYpn2HiuRA=
45T1sU3p26EpW1eLTXYGduHRooo=,iir/vRocXRvcy7f1SLqZX5ZoBrP9DDoA+uLlLzyFOYk=
46tUTICh21ZDt5FKy/OCehNcCKs=,rPZeHWLLWKK6/W/6tA+4hpnEc5fPXLSD1C1pytNM1Is=
4E2/3JtBXRPoZPCn6RWk4YHBujE=,2xXABitSDzGKGdrP7NZPnno/vmCf1YZ5byCuAo6OMFg=
4Iyb2yVJs/F8htayQocL0Gug2eQ=,28HjoVI4oEg7zbj97GFuA+cFpI4qUBFXyt87nHMRxeU=
4VSAWbqTg3/Cis6BZxwh0bmu1hE=,oJVyyFm5dFb8BLpwYvQC2dC4h4onu9W0BJ0kv7WKbm8=
4WbPDtHxs0u3BiAU/ocS1fb++z4=,1qGEQ9NI25lPk0zNjmNdgzonrB5W+K+vfJfLT0Pqtos=
5/6ef5VP56Mu+Qh1B94Qug1qhQw=,QSPKoNO1oNMBsYAPY1bv+PLp0sRbLovaDOkkjtVcl3Q=
5/LQOyW7XSPIA0qdqyw1TOT35D4=,7s5XZUTNcH1vag+1HvebAjr0q/wa5mNgA/IxrmOJ60o=
56fIZScFvwpjSEQZR9nKuODlUCk=,KQWfQI/RB7sLPF2xm5V7KTIY9gMHdglRZKxSwei0W4o=
587GT/wWZ5b6SqMHwQSny2re2kc=,NVHeWKfXnNmAKD34F5DWOpgsGmOzBILsWCHbdmFVTvk=
58DhBcYpRS2TCekvn5CHnots+Ls=,YlVKMFgcfi3ReO7NuIJbxw6udBuPFQl1qYm0stT3slA=
5MvE7HnQ365urJKJrp1JL8XlmEE=,vt7LmndnJRiMf5uoIgqtlGg4ooxhjo/NWNtwTi+P+5I=
5NCb05rnT+4lpNgivTblprBC9Co=,j+mdMoaivZzOSQKAZMJc2XAshH4sIFWqMz5JlQeWwi8=
5NhObZVXw29KFUwvwrBb3AtX75w=,OKJ7Yvhs5HUqiNetBYisIyfwfUvzS1jczyZi3Cx9iJc=
5NwXbyKqzvjIIRrSq85Tjk7aGHw=,9SrSmq9hgCZP8N1M7kFgIC/97LEKOAceLOYuCEt3NPA=
5Q1kcZ3JUunAmyppM8CTfPOB9d8=,jhXUJs0EiY8hi+Ll/jeE83UJTMQ13GGthsSjwBUR2+E=
5US+eYV0VnISYRJIDejjIF/ALes=,JApFnPrmQjC+K66eDFEzsCeSfN0Zld5COdwYvqvs/UQ=
5WcHjknK6nTK5ZH10g2iqtAsuqY=,+/jjfWExIVnBrL0ZEMcDtEv5R6e3ZmgEePskzudlNUI=
5Y9/4EmUTgdT7kJVCmtMJlfsRiw=,yiLQ5MEhogD+GmmG65XyADPhLvw+Mu0dnlf4+iyFxvY=
5Z1ZMIJHWMys+ghUNoZ7OrUETfA=,Y9mvm0exBk1JoQ57f9Vm28jKo5lFm/woKcVxrYxu80o=
5mSmtkcl9Kh1TkjuhD5m62IDjwE=,5HmYTmweIwBdnndVJqebVzCLeWR3lmeHkAUu6crd6ts=
5qETg/6XS/LY/zGhp3Qzic5ef6Q=,UJS3O3Nq33Ogy/Q+J78UQHtKNqo2OkV/zjOUnOuo5kk=
60I00Jiwq5/0G2sI98xkLu8OLEU=,kb6xLprt35abNnSn74my4Dkfya9arbk5zN5a60YzuqE=
6AOGz0YP9rKVLRkgCU+JXlkkoEc=,6c2W4CiWGd+DJcpzXq0zdBcj9gWq0Igeo29aeAlroW4=
6BcWtTHTv+vbwreZD2W5heym2LA=,N5I/29a21fGn6hfBL+6rD3oicMvwhPUGg+fJmm/1GJA=
6GrWkgEDfG2avBrgNHRVjPuMxSI=,Gh7SuizFZkZVax6XQjl81o3v1O6c+H7glMw3VYJs2J0=
6Nq48kfemSR9Z0CJJ2dxDWPYo44=,kXHMhy6bHJxeSStG0bc3ZPCLhnppqEMjoexetNb7o+A=
6PAVoowO87UvaHDesNVlSgfsJRU=,W3IGxgm6Wmz3svQqfMcvD8CIhJ1c0jb2aZn22rIfih4=
6Pyy3iURgYXi5VOBDc+iR7Kltzc=,HAWV3bmpzLZlM1djh00QQiwjxRBV9r4tXprRqrJ91IE=
6SyogsG3zLbUqkAOT6EcIanm2f8=,YT0uJfFtnFlV0B7Cw6EZkvEBS4GPFjBibQI3yV15F4o=
6cOG9YSRb4MJKiZjbKpiEcrF6vs=,kTJinAMoLbQkuHWln/yVRR8YpL+vUtkVEKJ1G/FHd94=
6fon5e1LIXBk1nGqfOWCHDDSDXo=,BewIl7IZlaSpiZ+PywZgGt5hwEOJlp0Tj+Ms1s/HRqs=
6lZP7DyDoRSIeIGyKwUiwAdBW0I=,KJa03b5hRXGDzH7Se9eKxQogf2kBxcUuU9wWdvm7HgY=
6zWxVm0VYFj04SLNHEYcrtAEAGU=,jyhVT5llCBR7+xwGoq2SlKQcMasWHqmouxTYUO1Fhiw=
6zekvrlvYBf70/8tYOEEHq/PxtM=,9zvl66U2kSxVf7hVUXrR7gSHvY9jSYw5SRZBd7oGxd4=
6zfQ69eELkaeEtOzGNuN5YLkaKc=,PLwXrZ38/tf7N0kYaVcgUxPgoutF21ON+E+BFCU2hDM=
73cIKw4kW2gwmeRW8eqWYsBTfMc=,OLenGGNJFbQkoo+00z+CKMZ4c5FwJQ4TaOuz7UKEG00=
77VY3TaSbLK9IpIttrFI9oq9eSo=,vo6hGLlkxY3x4Fgi3XtUQjXE2ycB/YOo8Qe5rfI9gDk=
7FefyHYib8w6rlvwLaFiWNGNAsw=,Kk9J7ncBo5Wsky5EQpJnFYit4hJZziluGUlANocC6n8=
7LIE9pG9i1I4BrP0AH+xN9u8UZc=,bMhIINBfI65xm4qrUlaPfhKn2U2zsWEE7sOwUjKeoT8=
7WtlT1pxXgnZxUfD7qAdqAlTzq4=,NmYT/joEmjcib3+26g4G+B3HuIGR9x9X7MblKMP3wKI=
7Xc1CgAo1SpUXh5OmmfVS4s0E8Q=,EhnDXE/6BBuLrPgLyjdi+/onVjyrz/7v4mgrDgPSOGU=
7Xk044PmYlLVYvVxU+MQo+wwGug=,xN/rA1C9l6m/4m0l786neVDOhMwgogNOB3krudSIDxc=
7bM3pmpGgTIzyCW5AovgTF46da8=,vphxfC/Q0rFndPr8M6yIS1Fub/pP1sZLJQcFfH/yZXQ=
7quGU5SnrzYuoO9ceGnNu7FJ5Ko=,/qPmiQVB8Jht52xd515cWlhulzsEtxdTz9KKdXVWfPw=
7x1xXJGhcaPRRsEIvk51jhQ49K8=,cHorHYjmG79ll5/sQ63t0Zwk21LYWVxMJRYeoNCoOgk=
83S4HRMz0cmtW85mKJqZMoHwIM4=,3byc98qYRNgM4WkFyiMarsKTTeTWNrLG/dmlB1IAxMw=
84jdW+RT3wvEf1p013uA92zzFPw=,sV7Atfho0V2W4/x1Ibzs4yLMyY2EBu1kEP462298GV8=
884cvgw+4P1uImes1lYAAZ3llHo=,/sepsOuD37UTDRgEhXGBFWkj9aBVfi2d7naro5CPHzI=
89HQgCnZUvnF447zE3Xej74Wx+s=,gWT3k0DWvleol1xeOXi3hK9sQvyPcCVpBB6x7iIQUe8=
8BdiE1U9s/8KAGv7UISX8+1i0Bo=,nsxRNo6G40YPZsKV5JQt1TCA8nseQQr/LRqp1Oa8fnw=
8Hj5B3cQu9weoa55+zAQ28Y0+Bc=,p5jZL3bJxnVeX1X4bNFK7cwGVTceJ8zeA3d0XOPFABM=
8I9ZOACz9Y+algzV6/p7qhfoExI=,ELo0hcqLtogKuVMaQGPkABVVVhx/LgVRZfSbLXT8X2s=
8L5/ilUjsffwB43uDaIi+37Kgbg=,SrEMehM4LNgjGqja9+9fHQJ5BpHArrn0Gj6qicm6MJ8=
8XpfsK40LX+ME5/XLwIhmAmPKvM=,oAMJ0Rbp29D4XdtJJCiF23FL7g6OS42IY+rJ3RUyoTM=
8eYOstalwBbRqC86utCt4Q2cXqs=,EhmgRWx1Mr4QIwtQYehchjIerRM+cp8kDjMM6AmxN2Y=
8sAT4IJDPvvuL2cyljVc27jLAtA=,DHrKpxAiZyC7yUA0nuLmFIZSqJ2/QGojLIlfbceOu5o=
8suN4jXvEEPE2nvK+uuJA6Eir7g=,ikLurbyLIaNcSzqt19+8vS7RsdoS6MRaU02pBgflZP0=
8v8LLvU/XXWQ21gAcYTUHUv5Q3I=,Ds72gDV0ioSNWHmF0iAsJS5vPugFA0ipU0xtp2HJvYs=
933F/cTomht3ZKf1HaDMv4dgmm0=,L8VmekuaJnjtasatJUZfy/YJS/zZUECXx6j6R63l6Ig=
9HPz+sZCs8ZcacBYvnQ4+WErjmI=,QpxBBfiQEHKqw6kWKFI1S3Pwtnb9AxFTSEdR4WJ+JHY=
9OFoGTsZQ8cBNtE0Ypbz9QOhB4w=,sriig5GmekEv1nctHa2dDRjf5HikeaED+2yLF7O5iok=
9eozjPilLoymgmtNizIqp7dTz8w=,2H77eYkciyvgRX6nIxKEQB9N/XZok4NrHMSJxvp7E+M=
9fKWiH0N8yr5Tuc0oL1GfhPWFsg=,f59kBnDSJOUhzlTbIr4C0XnrgaSxyCBF2TfT2te+vv4=
9qaM8CsZyIn95Y+FgsTcFjjtaHU=,qhIQAm4yn8GKmhLEjcOhoE8MVz6G+TGp18ONijouwKk=
9rKfb8VsLrxCjE6k541Zgtx1OQ8=,wc/Nngd9ZEMrWipdArUWmQD1dbqfDXRrfsDyOTW7r6g=
A95QNVbRTLtm8KPiGxvDl7I90VU=,r/mIkG3eEpVdm+u/ko/cwxzOMo1bk4TyHIlByibiA5E=
A9kGlAc1VAiIhZYnM0bsIIzczlU=,0xkJ0rECrEEu+2s3TCUeJ2LdRF+pCq+9Olw5EU1SoB0=
ABFB3zudO8u4osEzkqiBzOV955k=,iZEDYF5LpvyxpOX9+x3+qDBXhdByZOUFatBA3JgW7sY=
AK3Zo/Z59m50qX8zPYEX10zPM94=,I4SdCUkj1EpIgbY6sYXpvhWqyO8sMETZNLx/JuLSzWk=
AbmYlDcvUo5mlZdgiFn32IWb94c=,KWqcC0VRRBja7MYif5CcIPY+KQhNZg6hF+H1OXqhF6g=
AhPurhwgOCyp8G/qX58HOpPvR3Q=,bSj55AUUi2kCfamQgVIRyFiEHFQ/7O0AjCOAIZg8CVo=
Ak5aYFLldKgBAAzTjrVu/ZfMBCs=,+fbSHLRz5TtM0RtoKoWXpjBYtPewWRhW7xifwW8mpOM=
ArQmeeEiRUFgkIVDuqplJ8SU9TI=,dowc7Sm+wSeQQFyAMFC67h7Rd71dY7KGfeiP8BTJzvQ=
AtYebgmrv1hlpwo8SDNh0c59w1s=,1HnpYYEI1gHEmEKv/dpxlvKEsfijwYOT0aiA9SwCO+E=
AyUv3m+CATpcLNwroWm1Z9SM0/0=,NJn5P9OUUjv7HsTDrU37MQEx++nuVHa95ild6AjV3Y8=
B+L045nc9/3wW2qne45O7BEacfw=,VQkNSqdqPoVan53+i1N5YrjNCMnJRtvNFB7icXr9un8=
B1Q3m4liD17dtvAFE+3HSo4lgss=,us3tdNQajaoQnZDHhSylrI9hZ+RQCrzps2t+c8SqWjU=
B3R0Keb2N1mMoRJg5CAgl04JfSg=,2cf0DUaVPxXljtEZNVSvI3kNjCgUy+C9tUFf0BXz/f4=
B8NRMKSq6UWuNST6/yQsM9CxnYw=,tKA56vxDELqb3gk+24+dnQs9THwATUgojDXbzBlGfRg=
B9fdeYhfQXHMFuHUx/Odsnix3Ug=,SO2BkJ/ZG90joOdNO4rgIIPgK6LkAte0H0ydtcnQMlU=
BKp6R6Pkia8azwpApxg/b+/pfb4=,y+WsFdiLXKw/gebfO/tXvqYJWIE6R7d/PFy2uYGRvbU=
BbftTxZS3frmksCicnlWYFTCJBM=,eP2+5mOnV3NZ+KaH2FGtqEld14UbPZu2SC8zn2ckz6Y=
BiMQvYoChatirKqHVSTX3MmSF+I=,3/r6pYHZmX/PWehfRf50leOdqHxboIviBEJaDUbgEfc=
Bnwf1bYf9U4zUOciEJvvL5bTNmI=,PT29HoltaUEeh/dqfkjJ1YW6iSiuTwOVsPrgQrbuHs4=
Brg7xc+fvSuExJBhfya1AF18bw0=,7SMUkMltjXpLdrnsyfzpXGs3css9k/1i6GAVftZ8SyE=
BuE99G/0MLd6O1ewMQWJew1YWmw=,OMu+bVTvONrl1Kch8T3uFjrFkGhAuqIfdbFUKyjx4Tw=
ByAYmXTB6KvKsLWCPqwl2xVy8nY=,8jMEaKr45TeOCcBgE4M+OkcLZ8jxa4DFj003pM/LEBI=
C1jli8ZMFTekQKkwqSG+RzZaVv8=,AG1751Vd2CAmRCxPGieoDomhmJy4ezREjtIZTBgZbV4=
C6PfHET4+GJjjrmUfONhbyNQFHk=,vav2b4om1nRi5WKo/GWHfeISVTpJrSQIvJNzuCj7vrM=
C6TbUxUUomM5COHUaaLstyB5DBo=,iUqr4gxLD1X+MSYWkzA/A02dPKErwwQurtEvYz4e81c=
C7X+C46uKUTnjUIvKUCGu5yqPY0=,WLq6BfpgxG+Tnyygxd8VNdOccVZq8zNb+nncA9HY6vE=
CCBsZuuBCmxc1bWmPEHdHJaRJ3c=,mRte0bL9NkufY0tiSzBSA/KZCL4xjvY5kiLYo+95kOU=
CGtA2qsqQvIulTM4Y0XfySM/JoQ=,HXeaMnqR9oqxRua8hqXueR5a6ISqZ7M1YOxh41eGdOE=
CHbNywf/JPbFze27kLzihDdGdfc=,qiYwp7YXsE0KKUureoyqpQFubb5gSDeoOoVxn6tmfrU=
CL+nButsgWYvAH+QTwXMRM66t+Y=,5CZUxv8Kso/7pGCA310UUSOkkBs7td8HVEzadeTLP6o=
CLK0VWmsfmFSeOXEe8dSkCGmXMQ=,wBh6o8GMfFigDd1EkIWQn684ODf6voTifeiUD1DUDe0=
CWpiFpKwWrtVDst1Mjoy5bIhySg=,9hRrwjjo/ODUe3B0yaJrGqD4g1KFEPBtnP7EH/bKGWg=
CXIGThhDD+XWzMNqizF7eI+og7g=,PDXhZL7dLPEr64Ps/3i16A2oFY0oMCF+Tr/86JKImaY=
CbHfoehhXaHNxvSDeTosBgyM7Ag=,/0YsUtqzimsH1uetvUHGjXIwwby9MD986uYMUT/+54g=
Cg6EOG8E5k/3weiOFN0xelq80bQ=,AUf7iUoocVyO4gSfX3gIutfK/XgAzVHpDxeDs84lF4M=
Cin6ra9N/f1dfXYmh6uqWqp0IhU=,TTOr97FC5RJpLVy7UZ9frivOV5uKNwnYCv8LMeiJ1OY=
CkrAypgS75dZ3fekr7AUpDmurko=,aoihTcVvztO9jXUI/+TLf3RHLDR2JbtDIBZ7ZB6DZVM=
Cn2lLEB9MQXD77LLrjIrIdbWQ9I=,C+JuCR4I8LUFE2TTcFMkR5nawHSGxj7jh5tosJTFld0=
CnOmpbRJiAm8YVP0LDQH4fSPrWA=,b+H0YCZ7hMcFSjtR6jCIuEVW/DxZVZ2ND96U4fo8KPg=
CvNbvOQxgNY1Qomm08PPN97R39c=,QJXBLv/n22xfaI8q90a1JDT0AFHCxd0LHiOv9hE128c=
D3Xu8SO9dULqt4lARr2S0nLrxeg=,tjf17RDH4aE0L7tJLnza64RuPvwoWKOQZy36HWvt2Q4=
D8oeXHngovMpttKFswtKtWXsa1I=,yQ0AnEfuufKimuhI9dkw8rQe9e28XFaVwUFDRcHdZ7Q=
DHAw1qGY4vqlXNVaNMk5JehMlBs=,GcOF9G3qL3o8vapl008h1tf9VuE9iZ1ZmOVauUPxUcM=
DMZxxZojTxguI60TW+vMj8C3Xb8=,DgJb6CdZuihdo1yPqss5iCfEbqUuEsjrMwtc9d956ck=
DRUOgl1fxmFfW5gw7LvPRCBozLA=,u6ER+2jVP62eOpRb/8WbRRVgl2ORR+0AOP8A+U4LuV8=
DXwoaVKfGK/HTZwuTHIFUlbRt6U=,OKKqq1pBuAl7cGYt4Ayeuu5F5mLLVaRDR+FTQQp0xk8=
DYy2YdpEuNEUfcO+fV5I8M7KarA=,NuzGH8fl8ZI9Fn5n3940YIVJs0pjx8bmD/1cGEA4H1w=
DfBNEHBnLZDF8qw+IhLy2gnV/S0=,GwHflwTZXCkoyq/yXthx9WGMK++Hm5mwnnpbSVqvlA8=
DnqxYSMktLUOD+hS1fw+iHCJGSE=,pz+zXoqFTHXlJOucNwuZWFQdHbegqzHcjT9MxbsAP4Q=
DpB7+p5HoM1NPkzOeXWADbPpTRs=,uN4HqSMTESSq0v/YOeNmr2CfvNDCZwq3TIO5N0BWaGM=
DqPy55KDhNenULzMuePPitOdNJ4=,wkWkNNmGJnmRP/rye2oClDOkcxuSvFhqAUwFgBc03PU=
DqyCYEBWJ5flJRP8KuEKU5VZ5KQ=,31MLrJ/NkUwlLC+9zt3GGD1K6MaArWXwPiBIYd17HHM=
DtScUdfHmnaPG9LJ18bRfFv+zb4=,GEJP3tTw7zgZLrAQ21Rc3BWM20+qifXLpHjwUGTPQ3Y=
DxBhcte6b9NMSET4yKIU4wm4o38=,NqZYmaWD/RBAhs1T7JgL5nX29SqC/DqaWQJkC/Rs1Sg=
E/stvFsqo43BOd02JUMyfJs2Pjk=,C3tvBpzKZ04SPa6dz9M2pl5VsdjyKF04micmzjsyKh0=
E4CnxcAkSvqw3HP0W64awt1FXW0=,Vu1Ps3woaYTWw4ZGzMoruk9JRMxtYMRD3vh4QlhuJWA=
E8EyLpJcrs1tj6Lz4LRJtIb0olw=,AZQG1XXPKFo8LYu/gTPgz65IOcmcwYFb3yREhyWefNI=
EJ1LqTxrvp/+LFxz6dgro9UlKhU=,+LyMrWZu96+ltVtS2uvToHPSmwRDyCGe3HZXUrv5LhY=
EdOKuG+qRDd140/es6IXNZZziMA=,5CqBs3GBFsWn5rjYfi8bimo737GuxO8fHe8kqRN7nc4=
EdsjRf1UzGpxb4SKA9e+9wEvJoY=,nwDSX8WPqNCwewH20Ii61odFmXsG26cfVtvaZtJMdQw=
EfILltIzOIFXWBP9QKQRb06Z+mc=,sxguKJrjTd8r5kOrecJEMBYF+g8equbRD7kpYAr4TfA=
F6DNweRBtjpbO8tFnb0cwpj6hlg=,kxgib4yDr+R/X0fCT1nOEtuoxzsYG+5rLqH0Cga8GGk=
FIvJ5MXW3H/PjnJAa+nn7ZB8eZ8=,O2blTReR9FzjEUD6DBw2PbMH7yCDGNxUOjDcB3gTDc8=
FN4BpHK2v2Zn6qlPKUzCUemPIpM=,iFIEeQ06wWLDY4tmZC6npViJr/VFbFCHUdRkqmIc7OY=
FODSb/fcpLeJBiQU9/cpIbZ37Xk=,QmjpKPWafRg5U8zwBXGTAlPncb6NkrFQjyj6M+B0ZqA=
FQASKxOYspkH7R7for5XDStnAs0=,eabi0+qj3O40S8QpA1hE3oIeYI7XIBG9Prf9SID0GDQ=
FTiDDz8sP3AzHs1G/geMIODXw7c=,puEf8V7DJqXj8YrTOgVmlNyExpl2bQKKWtDv4ajlOsc=
FV81V1FV+yWyrQNp/AGj+r4RVdU=,vPtEqrmtAhAVcGtBIep2HIHJ6IlnWQ9vlK50TciLePs=
FVF5GnwMWfnazdjEOhOayXgtf00=,C+nHbZSQZ6YvpDgxffWEoU+ZVSKAp2uBolEl75dHeZI=
FVG+bqXNn3pM6pCWTV7H6ew4WZ8=,NZewNoPPGbMtHT6Du9kVly2gQPWUH6U43sq71xjFnIY=
FWXB8eYLKJqptFOQhqhq8Apn1Oc=,bWNY+7rSJgnKJDwC9q+rc7VSZxEnaRrDYqeGV08ScFY=
FWrKoFGzuJ6HGJVfPEnlp1rzpeg=,kiEUD6mZjP0kNe1I1lLK+lHqxu5AbSs1zl1av/wI35A=
Fhrp/AR5xPxDnRJ9eAHLmLRTHBY=,B/ThGL4KYjmVKWQ9CvNoXRovOBkr9IXAmtGiee0f2uA=
Fmcy9GheaDFH2+3szmEumiRGxH0=,i0lQajRhBj6ozBP/zitYHeFalLlXCSqTEjRnuJ7YAuI=
Fr34GGwP1QtAI9V93HZSJ1WmsQE=,vgZkBiND9ov3nndX2vAFqvk2dY2IDJRafUi8gFobi1M=
FsRuDTv4lXZgGSNfNvyTk3lm9JY=,jCZif13HEvxPTn8Ec7tHlNxfAzm3BVPCr+kK3Rs5h+E=
Fz3yroPcYYCk6JDMgJd5NQ19Akw=,IJ+EufcDp1J5vRTndyZETYoUOyzMer/O/sdvHl1I3FU=
G41ZHLO3WGJkZqzi5KT2ohkS9uU=,3AU9An/BhufEHNGTrzD8CXlOufPZ5nNtzgQUQNh2qAE=
G6CzpDRqlpbZeT4sKMbe/YU2+6Q=,L470qbAm5VtjHqdcBAED24CMG08dX8D8sg+khTguJlE=
G8mjivuec49AWnMLg39mQU3plXM=,r1o94EALrMv1VhhxiMFAZWbyZlI5BLa+9jB3CTtpZcU=
GYjhfSjPyLbNzAv+6CLrnXwmAqQ=,A/rKLLujhit/mAVPV2wJ8IHEh0Jyy15bPaQU6ZybCw4=
Gc0mejz+ZtNwiObvimaBQbkYycg=,CvT+ltQms0J2/lxJvT7wbqBDG2vD8JMmm8qtA1F8N+Y=
Glg/3I08EeVUPoY7bC5TtnqqScQ=,C5jrZBeXG06KWmoqFBeUIMDRpPZw3IrncjRkTTAZC60=
GliHzM9kxjvwojN0SWRdBsOr5/k=,SYvAzVpJtxQHHsdqQWYc4vJ/w5/kFovHt3maCuJfZSg=
GoRivEhMMyUE1O7Q9gPEGUbRlGs=,j9ESw8g3DxR9XM06fYZeuN1UB4O6xp/GAIjjdD/zM3g=
Gu3+QTmQtCRZvgHyUtVF9lo53BE=,UQ0g5cR/Y89mayD2GvYrwJmkKsgk/6RDotp8kLGAipE=
H+q7PiUbBr2l3WIFfsZMWr/oD0M=,a4belqZYpWggpPNdkNtsPv3VdM6UuQnLDX/xfDwYnYM=
H/UsPvdAqy6QoGrT4nle8nbNg3Q=,QcCDx0ZwaBQSx04xNJL63kZlkS+7AALEZmtnDqu38Iw=
H3Rl9JodevYx6d9hG3MrDW3QM0k=,MJHwKwK3gRWLeuJTlOUCdrXKrQLcy1E3MPA6BmIns0c=
HKtB2tSV1J0egs1NfRMlN+wfiKc=,uAgcBvfApa+kpfpNahodVmO69j1dQ0gfIH259KRpm7Q=
HRxlDqjyJXu0kc/ksbHmvVV0bAU=,lSwgOcAkPrUV3XPYP8NkMYSHT+sIYqmDdzHtm0dC4Xo=
HUSJskUmf29rksU6e3JjytJwKt0=,7Rsing4IdQIcHxdgw0B/sdZgjtp63XGj4ydc7QlpD3w=
HanxhiZ2Tc9d/VCjbuvxvCJ1bes=,3+Th9RXB075lCVwIpkruwd1NES9RTnFLL+QX9C2W5Ys=
HasqGhesL+KBNTmG9CgplzbUf8k=,t9cLOARWSVny0Vv0/AFWIae5p5DApXs6nyHGTxC2pls=
Hb1zzG3ubhx0cNmjGzq6qCfevOs=,matAbI5pKXLjiCHlpXebf2NhHliynnTFX4UMlJoWTUA=
Hgz3tmfy4ZImCUXAVTkudz9CSqI=,YlVMFwBVQ7I3IV8EJo3NL9HEcCQK08hmDiWuLFljD1U=
HhOY6sJCWVW23i8+yp/J6ssuLBQ=,LbXnRYPxl6yNMAXHjj6wiyi3rAmcF+GQQrZtCBAentM=
HhyIFaryRtAF2uke3CK9qJfeD7I=,RvzX55Asf6l+cqO5SkbhR9BWb7l3+NErRBT107Elrz0=
HixL+exmph6SX4d5A+3VwpW3lYM=,Og2IXLNG2PAf0wCvFUb2NVwAaQ40DtmPNG53tXS+P9g=
HllA9/1pJK42P5wqrgDGis7DEXs=,DuFvguBGtVqrnYecKfVCCzEviy1JiO5OM4Kwsi8Tgx0=
HoJNKGWAPMlBbqw1LlrL3u74OVs=,J4pjkdPTa0mqQID1ajazwQ+6TiiqapWSqC51NRE6EtM=
HofWjvfd270Xai2KTFxqBIESTL0=,e55NtzmGcn6AJnKpTqwf94SFXRdOKUtYXf66NnZBuG4=
Hos47yoNCzwgVfPC56cMBDxn+rw=,CSby3zD5H0XqcKo1PZu83ehCHLrEcl0xUazdodMThUM=
HvS5uUaOdNFmqCFANwsuulvum+o=,0v0ZDqvYCFy9uuhPjt9EZciOb3PqAm7Gqp7WUDpuWhA=
HvjUU2uzgwbpBAZXAvmlv8ZYPHI=,1kbz6i1wA/yqd60hkTbHjgJKby4jB9+4z6l6FxNz7N8=
IGZuJS+pY02i4Ce6iX/LFbo/rpE=,JuEtKDVyheY3UowzIL793XrfR0fhSvChOMB5agoLDw0=
IJIF4jkEZYersBQUDvIM9IxZrBU=,dXMLCR+MiVg+CAXX3+bLnegfGZP6sSveKOeKY6lAAPA=
IL1xiaXJKjMvEeAf5ZQmVg8RAiU=,TENH7/EH9ILFwB2qj0OuhKv+09mIyuA2KFyN37bwDX8=
IQe9gs9iwqf1qKg6xspYreC1ffg=,rXqOXX2w1Y05MXWm/USdYgjReGEaV1srl0tgFomDrOY=
IRNKv3FKioix0MNJknvR4MdDcO8=,3X62wJf3mF95gd6tdv/4QdEScHFF4bLevv+PNNdRxZ8=
ITDJ+wDXTpjah6oq0KcusUAxp0w=,MtGA7THJNVieydu7ciEjuIO1/C3BD5/KOpXXfhv8tTQ=
ITKZtcGc6/bJcvNPHupsMmOUNvk=,9PaL1uD0+6PRkx8Ez36JAbZ5CtNDRAf5yyd5xFaQ34g=
IfAFtfiuXvxdkUZrJuDhpVXGx6U=,8HUgU/k+EJR3rADRSgyeU6nv/xbRVIIRE4QYaHODs4s=
Iin01egVW7JeZ+owp/VxQS2ML2k=,wCZrdfUQTi88g1F3CHR/8Zj1wUhXboGzjMdyXezKbsM=
IpSkBqt8FOTMNhaLmYY0xFjwLno=,oujfEYrSYo8GxsPusZ42d12R5t3tx6czpZJA71X61y4=
Iy7f6YG00IT9jrup3fkMo+PzSVM=,nZih+2BTjEzEhX/xqMgDT69vxZIJP2GZlLLIE9JQuGQ=
IzJCnv5iQk77TtAXm3jn7YqMPng=,MsIgxY2/vQf3ya2AgYMSqCi4qUkKm2y/cTTe9MKRJkU=
J/PIFR5umgIJFq0roIlgX9p7L6o=,jtW0wEG2spPA5kEwFQZtMYSDyQH/aehqUh0MslVp8+g=
J7zjxoNY8YjUtDUqLBF3DSRJyBU=,fw6Lb/6jDJsrWWDU8SLPev39GNKLvYbGCnjQr6Zi+x4=
JAKaZPaZDa2hSDSk3qAGtrSxE3M=,9EMJyy189f4UOnDdZFrZkrY4fhz18QpmG537dqN9lSA=
JJSLMrvTLUP8jw42EO3q+ZPs2NQ=,DjCb12b+BEuAoDMXpUROcy96zfoH1C/1yUhQRCAmlYo=
JZqAFpN2GdhSG+4IDu2u9DuTR18=,Vf6CQEJ2tSGN5NguEdPC3oEt/OWLmmbkCRILZvY7azQ=
JZuBmmj89gJMu3dfHExoM7NuRms=,+4kQHFb3KTfdMZQzbRA8wojFSUBLQIsmNeDj2/20Cj8=
JbV5duaENMVQY5xBIQFE/v0Pm/E=,olNQ6nrXeF8OMQkD7mCpHlVNCk31qjagkGRQ3GsP6Qk=
Jd4oBUkohH8jIc8dINq+Lre+a+Y=,96jwAM1qOCHdlhh+8VmS1Km01qbNyEjPj4yaJXPa3I4=
JpUZENnooZeR/9wZ2bUEPtJzCmo=,qZlyzh9sWB0Al/YmGAYuUxV7Unbh7GZRoxVwV/BXszk=
JqBqAaj//BLr9xSJ48UwNtEuObI=,Z7sg3Stp+7zsdmVKgdBgOvwf3in1vihXG2xRLlwPLoc=
JtSbdoL30d2QVfOBrKK6n64jMPo=,p1TW7HlobdQbbunI530GgH1iKT+onozNPSlakISE6xQ=
K3D5/CmmzbP4Ow8sruiT7fA/FrU=,3kJ//srPn/Y0kPQ+6atqtlJmgndIlfmZnUwsK0S0epg=
K7lRxzM0vcRwrXd2Udnfd00NDJw=,XGdv1mDh+YnDLyYGL7M/0VRmixkgtukE35vjMoMK2iM=
KMTrj/FfeZCjK1XDVk59a1NyLBg=,MOVASYa4oKSWPVw1uaW8eVLzpJz60yAqRSinQsjFn/g=
Ka0A3stm5R/eqo1t7Jy0Qv77myE=,Zh2gx4nfHYFt5VOCSMDiDyYFkk96wpc/RYyHzt5igOo=
KcWQqyWvEeRhv6P/iGGR5g7+nIE=,0Hc622AEPpVDCdlxT+BT6q2KpblYbtukaOJ234IGWt8=
Krbpl0mSJ9rIQdux8XS5iWVhMKg=,CncbuVFhLFJORgAIvxn+YmA9G5z75J3FDfFWbBS9E4A=
KsRpCqHGVcYDbnDOhoGzpA+qGds=,kVCGzNTtHqdJtCf2sM60oO9bShzxgHBTnA8qdYGFo4I=
KuqJ6w6y0CnF/vlMpXbct29PCbo=,1VVeQ33PbznogbKAOW9+C/15W61Pu2x+z3qJINJ5AXA=
L0VCHjEFgNVw2PgdV8tbetU9nPc=,8opgMLhWztUdm9ZLhS/vUqL5p8JDZbldKPY9WUnsfqg=
L1iX2KkFmKVWH/vZq3XvAjw2NMc=,mACOLtu3K61C2i/LBqwaqgsubgxy6MogT7r9G7SHlEE=
L90TmGNcC8NvuO2G4AMnwW+6tgI=,sLFxe13hEcyV5la4pYWcnIEUZ7WZcuiFus9sfzj0l9Q=
LCr3GuDJKKSsaA27E4S+hszc8L4=,SORQ+iB5ls9YaUBR98ykRC4HO8majL86yhgJOI1LoPQ=
LEz2miqfKIIBwZkGEa+zS3y3mv4=,p0tLai61W5hkwE7LFgA/9dtbUeQs+Fn5Xp0KHdRkQJY=
LNVQQZcVi/CPNmFbSvtr2ZnJM5I=,SQVGZiOrQXi+kqxcvWWE96HhfydlLVqFr4lQTqI5qqo=
LcyYHklbHtduYQcmrVNlZ5hDruU=,hYQOnXSgeInroZOvENWNYo8sR5Z/C8u+GiMOrZtrbUo=
LgrHkTYoMFbVzpEahrk4a6iCvwo=,DZDE7iKX4Byft2t7+ZYs/gfzzwfSrMK3xmATW3jykpI=
LvMLHRbD7LdO9ZIlHsCPQEJxh/8=,sPsZJxVUzDyiPWX1W2Oa4MO2gQMbQoMWXQvGHqcxWHo=
M+0ZIzCo1H/LGmk2ee/PXSi9MU0=,/tkF+Pz/7k/5xKcIo/Kr+z8COciaxAly3sFrx2OifNg=
M1oLTjXauI6HBWRf2Ox9JZjauj8=,OwT9tqe64UdYzxwgP+Ugb5IT/AmOLVNPVIcvL+QSl0s=
M2ep1vGTVTasoTK9weSWOf9McDE=,uP7FrATcr3kWmXKuNZ1ExOT56ZcA6MiffwRMJ3gx5Cc=
MEPcZM0ZXKnzGdI3CZaRngzo1j0=,94g6MTwrQO8TMDVlb/4B+62qLkl9e136+IrLkgMuW7Q=
MJoAV5lEY2vJsvI9jYNrO9ed72Q=,0CzdK/GELTntEyD4ub9b3f0cOshJkKpSgLbs7o9cHbA=
MPa/Qju4BWhW8gxUPJwQVLhe+J8=,7S7rApoKkG0acm0myHjoFulnXW32aMGxvBSobBmI8/c=
MSMxtk01/2GK8k1cD4mfL0t2a0Y=,QvMI1UNBTBMV4s0a8CJXvnwEkCTcs937wonSLB2A17U=
MVSoDNMuoXd3v3sx6imGj3w1eSY=,Rq7QVaO27T05kv9uUePID1wG26r4NLBxmlfm8Ie/VpU=
MWpcCkZON69C47BgKwwPLS+T3xQ=,plh85tWIetVs5VcJnItuNLDy+XNaKKGitW1elxmTBeI=
McN5G7r1U9cX4Il6LRdsCrMrnTM=,0d4q5hyN8vpiOWYWPUxz1GC/xCjldYW+a/65pWMj0bY=
Mk2hT+rwrpm27psHLIQIEVCL4n4=,jicTxw6u1CjEZND4CO1fGaS14Ce9JnLxvG9LNmwTzxk=
MquKjIGQsLMgk9tc7vWdh9oOOwI=,lD+BKscMgLdEJBIAxk7HSqtdL7RIzp7psIva+0iEctQ=
MwugZtHq2s7eYpMEKFK1FH84aLc=,BKbqZUsjZYlzyYGYxko6aRwNpy6+vZrr91MkzeaWDqo=
N38+PplxYMok1JETedB0KbSoJNg=,bFy/AsGEkWYnjxzRyDWDoUf7e8leKJsnY2aTXjFT8wI=
NI+fcx/xt9c0Y4Ctctj//7UgFmY=,6i+eCH6uu9/AVp7KGDZOUjYlRiSFT5LjeHG17jZ0SIM=
NLH5yYxrNUTMCGkK7uOjuVy/FuA=,hxrRCWbIjB5FGRZv++qAms7uX69qFC45aBhVpeGclco=
NNRCwZOju1dsDHfufJUfRkOvMNY=,47tT8vcZm9rIfdl5u9uig02tEOx2XMhhggD4mihiVfg=
NR6lhzrYymEifAdlxY0YmOH+Nm0=,g+bwNkz7K3oiAh3XgnnVbC5+KyIrYy/NjoVxfvvN224=
NSv0ZHOQnANtAw1nYGvdCxA8u2E=,NTLy8HYdUOJnxCKW2qpArrQH43uALx0qFCxhqewzjO0=
NUr1Ta8/14I4rKtxZRd1jJ1Vk+Y=,ZUT/mttkLEw2mKYNgUO2uTvO8BNltUD2FNzCpFq5TTE=
NhJOnnHEJkHx+vEpTL8XpFMotus=,rUOfi3I4iAiGaaZgsVA2SB22m86WzbI0Pc3sfsUTtog=
NozdHpzRupCA+KeKt3RqTck32g4=,yC9B9ThOXnQkpTC29NXPMRe1tvdCCt+ZqVeAI0HRciU=
O+GBG6CrPzshgtXiEq6uUKsUpRM=,MJ8T1J6mb1IyQbVVJHREZOKMwbgu95tk5NWBiA3Ndx8=
O2wRijyzilK4asEdzs3rqtyNwTM=,pfUNpkaAcLkl2HSAbd8Cm5yH7iWla0YTo8nm/5GwliA=
OBTmyPCppAP0Tj4io1vy1uCtQHQ=,OoA+fApDop/XNnLj0LssNlPZSO3gs8sdtM51qFfomvE=
OE0MHcR3p7P4Z4bQGFGfWJ8eniU=,cWXpka3nkW2GtGar67bkV8qTHIBOWM4furrlCRVv+0M=
OJZaKC1fQySX9dT5jzuHJdDJr7Y=,uDtqFizf09i8KEPKkcZ2WqlmScLbNdQyhWV1qOzDeUA=
ORCLSZJc22ESIM1JnRqO2pxnQLk=,kYrNJAiTyI4lT/uPQ6KK/si72Z8W9/7bGNAphxTOYD4=
OShRh8pzxhVExZF0AvyfHs7bbz8=,+iE7KeH+S41aFCZpd9y2/r1iPyK+hahvhzVApfw9BlQ=
OXYTIpLrAtlViCy0WmTyO76MZiw=,PBlvhOKgxh/sGLrKvTF4O1dFF6rY68bObR19yCs8UN8=
OZWLYotcydSAulgPlz8VCEPMmKc=,xzr8Lrp3DQy8HuQfJStS6Kk9ErctzOwDHY2DnL+Bink=
ObxwzB6IHfsdhN6jOnLqCTdTe+M=,MJ5GRVLrYHUyRKD7n4wf0hfVXYd+e592zPDOwzxEIeE=
OkniBdL9tqFENcm/8NzJRX1ztdc=,A7/Mczk4WNz2PolJppdq3Q+rlkd+p+oTfyY1wXXMU10=
OpVpbRnXWo5pg61mV9lqp4pzvGs=,Sfa1Z4nfdwKPa2JIxcKpGiUJWqzQaZtSeGDBE1O+3UA=
OuEJhtTPGcKWdnRJdtzgNcZjY5o=,ICGRfpgmOUXIWcQ/HXPLQTkFPEFPoDyjvH7ohhQpjzs=
P42aWYv8e3uco684sDntkHGA1sg=,tjjP8FyKgydY7cMCivni1VUUVovGuzSrNtFAuXrGsS0=
P6NYF9f2/dY8CsL3PT+W8WP9NRs=,LKruTVPnvHl2tpCHZlmdLd50Ox3GRKhjnNXXawJBoyE=
P73Njt++0WtlRD9g7OpCLjBwH2g=,hxV6dYX00DsAo5hGHhZOSAbhs/RtA6+9yd705HeL4uk=
PEHijwgIqUwliY1txTjQ/IWMYhc=,jj9BllP76r1Xg/POvgyPZVt1umkWtnKEXUiZ5bRrUfg=
PNiTiMLAggnMAZkGkyDpnnAJY08=,RpHL/ehKa2BS3b4VK7DCFq4lqG5XR4E9vA8UfzOFcL4=
PZyhGZ+NQzIqZca7QgvlufGfGng=,wzOS/diH5+Kfd5YsZo6y5/Xki8OPiNyXrRxxS7N214k=
PzTT/Am+CLQn9tK08/ZSZQqc27E=,FpmECujngE/FKcbn6a47/z4SyF28kR/gAO4MSOzckFg=
Q5w2n7CeME3Gzl+tEKvlA6X6qRQ=,Tq2ptTEecYGZ2Y6oK5UAXLqTGYqx+X78vo3GIBYo+K8=
QJp2RJd0B8SsFMsejU86RXww12E=,O0WRggXFkSmKGSKli0kh0B9kj6nSi93frSSu7FlCz78=
QKqxhrcOfp0tOCZPPlboX9YuFuM=,ZjVG5DM+rY4+p/MiedObXkUBaR062iEtaVYX50sGElI=
QOZKFwwr3NHhDCm0uoVEVdAv5Yw=,IuxG+4EwNhWlI/HfNNmj3RL0UoNDNZQ5lnchCf+4afc=
QRqM40897/E=,CG3Ne8+GSqrV74wcV3u2ihMeBVyT9jucR+4m7vFb56s=
Qj0rJKbBRc4=,p6jwOYlPX2dekqd44AjkJMlBfboGoXOLRbTgjTb8LXw=
QjK2FvoE/f5dS3rD/fdMQB1aQ68=,dykHF2FLJfEpZOvbOLX4PKrcD2w2sHd/iA/G3uHTOcw=
QrIsXHQBB76b/1UzO+4pu12RvwY=,l59vaopBxCHMZzRz1YpjeYF75z0uUkaYyA/7ZqFJ0Ik=
QtSdtaaReyRSTbg/CBmvL1OyiaM=,901onz2Y5sSRTgF56cF+HQhf6b90JHabFnorGPEgETY=
Qz0gRlIsIE89IENlcnRpcG9zdGUsIENOPSBDZXJ0aXBvc3RlIENsYXNzZSBBIFBlcnNvbm5l,9Vl/B+vgO7VdzY+0xPMxBJC1HBI1fb3vP1UlKCqfikU=
Qz0gRlIsIE89IENlcnRpcG9zdGUsIENOPSBDZXJ0aXBvc3RlIFNlcnZldXI=,ZB67sux2N8cnbkkqBO828jY0D5JKQlVyQ3nPuycMTB8=
R+IMi/ZTiFI=,qhwr7bGlCLqtf7P14CiXuQfHSN6pt5CJBKrb0El6q2o=
R3ZIlOqAVSg6XNQiHeCQQMTym2U=,x7m0DIfDAUkUc5yPBX/HmpOYk1qmyojGBaKvQ8wvNpQ=
RDG1iYHLQNk=,sQ8a1iYRJwBQ8fTqPOZgGO3oJmUtRYB7R/ABNjgleTI=
RGqVZ1V5EU8=,+sld48JKF0GUgAz/qjylHXEWYwZkqbYMh1i07w3Fj4g=
RXfpxAvwXifS3eayuwnmdZGKtXY=,IVi1uRqpL1u7rx+XX1G3T3FptshNVtTlJQklZ6Yu1QE=
RaRcG5YHHwDOr+VM1mZuGVfSQ3Y=,5tae+WyJofIxZwFV2poGVnjIPUX5jj2KFGFAH3rV/3g=
Reuir/SSy4IxLVGLp6chnfNtyA8=,I/Lt/z7ekCWanjD0Cvj5EqXls2lOaThEA0H2Bg4BT/o=
RfQ/A4v5WEyRHZNmjKDwtIhYL+c=,Xx0b4j559WwxcDeXqBUWWFJmqTILYVoILgXwr/We8fU=
RgbfN/LCNxA=,96/0GycJ8XX4q6F+VnsnBGst1Uv25+Jj0ylYc0N7nP8=
RsJ4q1Tg+GgnOd9Cs/NUwwZ9JqE=,iBobnt9preFBg5roZz0xtPTUfxJsoIp5/wZdyaaQ9KM=
Rt8syvfDeiOyr0+6PqKNrSmap90=,/DNvGa0PDCmCQfi0fYhppQJuCwAPBf46eMVo9gglyqQ=
RxjoHICSYKVyxgcApZmQKafaMMc=,tHV0E6dNxjg8ln9/2c9kW4KmoupHB2Uf+YJHS+imP+Q=
RyQZ0e+OIthIrZLIlLgnc8Y3PsE=,B2wp3AheBMRb/s2NBTgRTSjnDuULGDWepstn8nUDGvw=
RzM9yQ90eWcDpX/+dq5Hkl9AHuU=,6cgk6TZAPcY4yIiIMAg1ccG9/fhHLRXTFVWj7IrvDq4=
S/ZKd2jTlMTjtWDcDhvvqbp79lM=,CCQpOkJXytFsEcLZzt7UIZ8yso8VqZUIqry/HxEtFWo=
S76yGBnmpm7JyLVhwOhQutbZy7k=,YiVEIOvC+sez7RX4wn0rxj87qUA3Y47B+Wvt+UlZLKw=
S8lOuWexmDU=,70+hxjDwSVDg4tENwZ8UnQirRt7JXaMTHLrqivjqMCc=
S96+BTEu8zXI2MqnVsWUDbRaZcU=,AEEkrWA3/V8zGeeiPU2cgR9VmNZsR1QVWwqqno8AYh8=
SAoLOVqn8YFCK3WBGw881CY/Pyw=,HcDZsd15sqovLnKDvHRXGYWSHzifEMyG8WODZJWuOm8=
SBm+dmkVoEJbnD/Jarg5+ruC/Bg=,1kYieys4++l+kKQjf9rzn7CwBQyHW5DeRIMUYWTP/T8=
SCAcYg1YUiU=,pLibtwZW6kmPLZ4ApJf9udzSC4G4k46VK7ot+fZXKcM=
SDvltAxu/Nsvy+v80Xpw9QM/jIQ=,Pdng3hzy8x/o5FiotBzElzdnMYOhvaEmvOLUPftb+4s=
SJ+NhtHL8daKUnt/FaIKUfiX/gs=,A2bpeF1Bn+cJqbPrbHPsB7/p0JyWCLC3eS2CfOlJxbY=
SK9XZr/SwAI=,vt2LyX6oZJcZWgeKmZojegYK664HvAoLm3eJgrpfYvQ=
SOZo+SvSspXXR9gjIBBPM5iQn9Q=,/1aAzXOlcD2gSBegdf1GJQanNQbEuBoVg+9UlHjSZHY=
STZMr+gbcr8r+3x8aAHnMptz6/I=,skxXeCqfvvYaj1nQCgIhb/5waVsv44/YR3ura8+zgwU=
SUtSJ9EbvPKhIWpie1FCeorX1VY=,lpQNmRQZFRRQ0edfZiGPbyWU4d9K8xpa1nPJqHRoF84=
SbfGz+g9H3/qRHsTKffxCnA+3mQ=,VzL+FtAKvzb4N5igmFJyv83GD7CBK7Yyw+R6XdRRfmg=
Sj17TfFBPPLoYiyJylNy4q4Wf1U=,vHYox//1VA27d5SOJFA4abr03RkVfXijAlEGNvqVE8k=
SngyUhHbWRY2Xt/BFDZAakd8TKE=,JsGNxu6m9jL2drzrodjCtINS8pwtX82oeOCdy4Mt1uU=
So3gv9jjKdDBL9xQQE26p8d7yX8=,2Af4zYXQA0FjmrJBAoLMSK8cO/Rl+GYGBXs8tB5UTjQ=
SpBIQNwJFeZarqAYiNfF+jGCdFM=,EUbVvHtWkEJ/8u1hKDKjrLDr6XobhLYQYsl/onNURVw=
SqCqWITTXjw=,0qXzLw4BuRDvTjtGv4Tlr1+1aJ59FQfpKeNorIjGzHY=
SwGbPlYaZTZ2y3uXqpIF7jLnKDE=,aMNpIhRyTUtVp2D0cLT8qLXg/h1ynP8i/rTKiKzTmAk=
SzyMHYXpb60=,7eSxU1pSm/Fga8b/dXuRRwqjCur/0tbfLro0Da4wL8o=
T4radv9ndyOapoB9fduIdYX3gXo=,LgCRWp974GqyNwx7fCAMCpbVrGpQzhh02+/eQCLU3o4=
T8hczX/bmYjc/fhv9pfwDQBLMwQ=,r47irLZQDA38lEAI1Cs+RhYaUt7rvCU2tyPt3qaw5fI=
TBkW4JrqvkiUTOGH34eLTzA775k=,32vAmhZoCL1QoQsQznEZsWp7bnthmuhUM+HloumF37Q=
TFjLJfBBT1L0KMiBQ5umqKDmkuU=,suo4a3Sz765++hurzLhgwqwpR8K0KVkwTarqwwCDJB4=
TNdizolO3iQ=,lUbOAOA91hrKWMXI2/OKERutZAbJHXQi5/TECgy1jxg=
TOyNSdQrAgOa0EgwCktrvTF6pjQ=,G2TKfr00e4JNuiJu7FgWvgXyrfnH3kjB+2my9SmTJtI=
TUXBaDi7c6lpoSDn7fUioSMU154=,/PfamDYD6IhiAw2WE32OEwMbrftNVsH9TKzDOfa9uyo=
TUyO/ibvZX2QiI0dGl8vmmcCbug=,a5KQLJTZEjpKzM2qVRFFVaOy4hnl1pruFUn4lRRW6oA=
TZkpAoNZQMi2woayQv1oheIxpDU=,X1C625xxjJf8jgYCgaszqVHmVkVL2WwG41SrtrybbHI=
TgvvGqRAW6UXaYcwyjRoQ9BBrvI=,5C8kvU039KouVrl52D0eZSGf4Onjo4Khs8tmyTlV3nU=
Ti3+fERcod/hjdI3AJJAkCzbIHs=,SGZIedaDbP867kzCcS5ac+iTvH0YanHo2o21n0Ae2Ag=
TkPIHXbvN1N6T/JYb5TzOOLVvd8=,TfUknRoG8EPFF/IfejfY9nW2CPiv9v5p3/1WM2e0urg=
TlnOxwIyhzA=,2oeWvjTMgavucwTE0rygrJhMWyS2GxPiKF4dJ62M6/A=
TuPZ8eLhANuKo8DURTSejQYtujU=,xehdFHYdcYcrrJOoBhkUHhTIamXs9ZgCJRLKa9Pteno=
Tx2viMptuKocCfnF0RHtWbST+gs=,tcBj5wsUpAxcnJn60/hfOSgBGA5cPt7r33eE+Wkk9uE=
Tx7AWCfYuOQ=,fmrNhTysxpMum1Gf2tG+tRXtKi0AJc/TmMOsHw27dUs=
TxyHeh3gL5n2vhWq0TWdDkrmujY=,AyIQyp5g8dQSdGTh6lYr7+hRoUxuwrKms63WjMG+VsU=
TyR4Gxfex3FkFddy7M9rEtkey6U=,Jxz5au3wMjThGfidkX+IST2Trwxbwv916JW3Y2GDQqc=
U/HHNAn391VclLtDto6duXGrsvg=,8plJzCf8qOHWvVIAvXbveko+fZ7ADkmnlYIB2S5Ez/E=
U3Ltkpzg2ssBXHx+ljVO8tS4UYI=,3tP02NgZkFwvlW3g32gia4Gs1FPlWIhwTb5rn7kps/4=
U3kfbQfPfkC3EE7zyKLYnUEtKyE=,UbbqZHhoe0fZY7YUkFl4DPCKTwLwQtYbW9UmOQle6RA=
U3m/WqorSs9UgOHYm8Cd8rIDZss=,x4QzPSC810K5/cMjb05Qm4k3Bw5zBn4lTdO/nEW/Td4=
U5d150z7uVxsGEcj9aqMnVPsP5Y=,bjes+bov7xxh08G0pIytYIEXedULszMZmqU5yB/TYWY=
UAsfPLnLoI2ho9xYUHk4oAQ1xeg=,LvfGct7kydYcB9KpQk11w7qUSdne0rn/0+eLg5tswIo=
UB8wwJOSjXEjODRcuQr20yvrgUU=,tv0EwdMH3jyu8FHFCeLpxbPmlyakqJMlF9pChboTB90=
UJ4L6q9euSBIplBqy/3YIHqngnY=,GRbzUI7D+teV+NxL0xb5xghaZN48QVOsbWLV6hlRXTk=
UK/MB4cVR284xbRl0d6VqunfnMw=,KovtMq5oDS0Ye5p6/Rcdg/0Lk16vniwbQ+gCeNIGPjk=
UN2C0YiSLY886bpdx2Jm4m97qyA=,riAzswgoJacD5aatwyIahoVKpBHbBH3V9T64SqFL3AE=
UOpzidsp+xCPnuUBINTeeZlIg/c=,emrYgpjLplsXa6OnqyXuj5BgQDPaapisB5WfVm+jrFQ=
UqysKuRDxwuu1w8QSTJ8y0PbEgY=,qSbuf7A/8RSbSBgfJTqFPukgKREB2qwSfSs+YrZTA1o=
Usl/dl314fQizX3lZ26Nt2qSEnk=,DUfphYhFLPB3ivavA9RCch3Ag2YKS7I8aXRB/iu4T5s=
UzLRs89/+uDxoF2FTpLSnkUdtE8=,QAL80xHQczFWfnG82XHkYEjI3OjRZZcRdTs9qiommvo=
V4xpu5jCI41TJXYqKpI9JlgsTj0=,W29FL3/8//wHRK1T2rXwi1haap/qzrpE/Y/IoqiuLTc=
VFrLJj9xzJRGDZZT6mtI0JP+QnU=,bz4Hf+VQRkbAGRr85JTk62gYPjmPWk3AVmn4tubmgv4=
Vd4ihtIYYN4ca4x9khXzWUuYRMs=,hsTGA0NPyQ8kZ8cLAQDGe9nNQuPztTFIM5+eAlTL7vk=
VeSB0RGAvtiJuQijMfmhJAkWuXA=,HqPF5D7WbC2imDpCpKebHpBnhs6fG1hiFBmgBGOofTg=
VoTstXGl52PY21EE1vrm8EhSSc4=,Cx7dXxYSSpuUjGpGlUDu9YJOSyL+Dzpsx8F4HSpzqLg=
Vv+9aCA1htfW/suz558aWvd8ggA=,TyBHkIQHGdT4/MrJQutBdWIg1/Eve0hqVWYqb8D+8ww=
VvvbJKhawbaKPkRzPdEqQyMVBrY=,rPq8DkatY+JdvM9aJNVxUI0HkMLjQIiqmTGNxzs6qRc=
Vz5/OX1uzfEbrDSkMBaCxGbKjLg=,i8nwavspi/9OxJHLSOoWDenJjjg7Qpp595Og/DB7unM=
WB2yaq2SMXOl2zk5UmcaRAbaPhY=,rfQ4PF9AYuXDPnzViFI5ZkrhdgLJDUTjyRRdIp8QLl8=
WF6MGqBwIVlWsS4j/OMhrMoZElc=,zUtrp2svmapbnIUJEpxtlmkjt7wb/2k+vDCtgKcMcdg=
WQtmzPp7FphoDvZcAPO5remmOnQ=,wRJT8MsrBh5uoGez+cuOhJrs5p2v61MX2DkPx7wfPzg=
WSApQELW/o4HLro9h08yrWR2jgw=,boBy+NZgbPcyRrNn2lCENZhckTv9tojx3aIzDjemMx8=
WcWrU5zBztDTnwTsuWMtuh0rCew=,Kg2w73K4YSec3ZIze0gRU1RKr11Ce4ndSOR2ZNth8yw=
WvQUizwT9FYGM2HHstx/svybSIY=,bhQXQRDiRL9zZac/W7X0IA+iC5pKWyCcZKdudcg3i9w=
WyV7lqRlUX64OfPAeGZe6Drn8O4=,QPz8KIddzL/ry99s10MzEtpjxO/PO9extQXCICCuAnQ=
X735UXyEJccTf+v9Q7qeXqfUJWU=,K+6V8Rf5OeNRXdtDphKgNOSzjaQxqWx5oOqu5W+CTgE=
XB9p+Qc21mPektBsiYu+uM+yvZE=,XA9eew8w/eXKFFaqHj3DoD+2UhWN9YBhGgGHH30U+dM=
XdmWmkDHJ8ssm6LszxmryK/Mhkg=,DStUbBEuqCPDNypyfG9P92qyjR5HzQKCgyK8AtOfPd4=
Y0t0Wwe/6GbRWixfy/l5bqCMric=,jxvhYywuH2wFoS0LKD8hMiwUh0NBOOLjieByXzSgXyc=
Y49juuMQQYJTUoud4ddb895XfI0=,1/Ktf/Ml9dR09uWnxHgCFdEJq06/JU0v2PGLrFS1p0I=
YFnNgMfF46uML/xr5VsK9Q/eS/8=,Lbz1zQz2pH4Gg0FJUWNNOac1xUc/SHAyZG52ub09e8Y=
YHtmGkUNl8qJUC99BM00qP/8/Us=,K87oWBWM9UZfyddvDfoxL+8lpNyoUB2ptGtn0fv6G2Q=
YIhGVaqWa0GLY5+ywuRCZTExym8=,h3Pu8rfqTuunuhpcZfiZa8rZlg8IFuHaJ6pedD6E9JA=
YKkRaWxk3fENwIlBKhPi3ttyuY4=,DAcSoyuECRfVnwbjpaBMdKTAkYK9iIxSzsXmRVcUul8=
YLWF7FZkfhIZJ2cdUBVLc647+RI=,/DuCeWtXLKlzGZNjXbjPB8K/AeGZsvJzo/lTvRhd48A=
YhoeHUg7lX1TZVfVGnFL3kf5RQ4=,08Vu7ExzQ+EOgnhS6AZmHgNBkI1nOysdBRRwuI8fmO0=
YmPU7nwLxF3GwK4UMF3/HJzmSNQ=,RIQvFTqRUBZT2VvNewNVBLfKTe3NH8ZfzSUx6yL5mV4=
YvySt+ft8x81VVvJQ99Qs170ECU=,VpYqa/kPtadr1RvVYcUE4RRDm57zcZ7scCpIE8KLKBw=
ZH4/6AfvtyLnAnJjHyhAbmPhzKY=,b7VNMgYVBy0ME+PSGiNUKsoQ56R9SOLrQt2AlaXwxvc=
ZOV2+lAuF5bmErDyk73bLn8HxSg=,oXtCExUFZ47OtSpDboHGLF0W/aX3BpSCAnyoL4gRms0=
ZQjaS1oGdr2KP+DkTuh9yj+wxKY=,Exm+2xjOkzHgqCFv4woNpqnRSSsJ6b1oq4XeAnNjeSY=
Zc1XTrud0/+mvLt5IJ3p4EZT7Qs=,Xe50zDQ9uT+N6vnkH7xlszQlS1sjtWj6KBTbi3MhrIU=
ZfIxrSr3991SlgrHAsEO76bVOxE=,H0IkzshPyZztiB/2/P0+IfjFGcVHqmpd094kcwLOUNE=
Zg2cDK660UpDA+4Tm23x0tRy1Zo=,1Vl+o0U6YmH11C65yvW9tOOKHt69tb6m18C8Goq+yrI=
Zma8lptITejdvCKnplvVqEGfle4=,qT2nFIGIYasCVYJ5LJGAxwfgAcWaNYiT0nSndYFqg9g=
ZmakzLWU4BeqM5SKR4tIoXt2O4g=,94AKktlye/7CgIg23rBoI/x6bmzW9rgJWBxgODkx9J0=
Zo/xn03bjt367BuZE2q4gmiFBu0=,pS0PPvj/z0Vf0Qu9cM2qcXZHCoUu7ZY/FeATHaxklXo=
ZokM/tV5hvnj6quNL6Y9q8VIwgg=,RbyWFMvCTGrf06kuc7Y6LiIc1YO15Wh8xcFAbpsxAJA=
ZqKl80U9vpR3My0wmyEo9/wMHbU=,Ijcn9pGnqSZHMUuQ539gOhmzXC+oX0ajxboad+htQz0=
ZxSvYWeSZZ06PEi06FKb++r2pOM=,dJoAHy2F8xAvURvv4q6DmViZPBO8CCnHy+gmEpc19IE=
aHAQDcktcwb5iBg+n4uM7SkAFsc=,/6vY5oGphHwQutA7AV8LzBBehGZwOAu3kdHAe4B3sSg=
aJ1+1sQlOfs7oDfWT9yM0XrwVlk=,IgUKkoNkgcLzwfhBfTdEehZwB6ybpk6iKMtqHhTGS4s=
aJDkZ6SmU4DHhmak8fdLQ/uEvW0=,bb+uANN7nNc/j7R95lkXrwDg3d9C286sIMF8AnXuIJU=
aMO037EBu6MDtiVxus/4/9FMNZk=,QyzbSgPkcydH7LJWAXLrn86t84BYLe8xf++tLAHvGSI=
aOURkax+mGWuU00P+kJxxhpjfYc=,UDogw6gWgonYrNMt7q61N/cGkX8y30YqkU2TlM8M6Yo=
aRZJ7LZ1ZFrpAyNgL1RipTRcPuI=,kJG14WOKi/98VT6w3w2ueLPxBWWpUy10v4j0abJMOpE=
aRqUcqDRlv89VirY/itHGBWdsO4=,DOXSaFtKlzmX4cdaIp2lgUKB8JyfkKnogjN6OpCDf9M=
ajhbJo3ei1ryT3pUgxkY4wg1pro=,ksRoeWJu8swezqUMcvteOFhECV8hy/Oyg8uC5rn8alg=
akvhmxOgf8p0+jHUaG4rmmtMOTE=,JKNjf+TD2636ic41l+5OXrBj5F7J2yfkqG8ioWUTaFo=
amQ2dlCcTvT3TxX1De0zJWDsyyA=,otyYyny77hgislsme9XKUC+nsM9P/wcD7mpBZwPzx+o=
anl+kWlGGBMKAnelWVtgmCUOovg=,X2ZbQGC+nvr2rXOfazmh25hHJ3643BRARTdt4QCeMSc=
aqgXkMG3RctsYeUtlAwVLC85WD8=,o61AA4PALlNOOAbURYQS5cyGHpz67tQucGqiZCNiC/k=
arsFfP3ezebbCMo72U4kPTtXs/Q=,fx2QejaJQMczebjLcobHHvOBbBpir9XxQXpHSHMaTpQ=
azX3k4yS90cS/IutKPVctyFnMdE=,4TYfi07Yd+29E3lFHJtH2qrlGiC0aJhyZXUbWT2YyXI=
bDaLEyfKubwVKkIpgmdmlwC85Bk=,E7WmPZ3tmrBF50zJsXQSdnDn1T2QWq3MToJIf7Kgzns=
bFbFSZWtvyXOTjQlP8Dvj/mvTro=,B1jly3F54BeMLleszzXppFa7HEDQ8dKa3Vr4Lquw3is=
bGQBx/2FbazI2p5QCIUItTxWqFA=,7/7h8eXzn0L/gNRxycWnmajIQ/m2djFfnqs/THovf8g=
bIoLkkoc7EBjBW1yXoE4tKM2EhE=,9dSfDu/+m4ppEN36Fp+Z8ZU2bhpyN/2MSPXwYJFeGeU=
bP0sW29KFSAaSFyDXi6XEta/hws=,u+SvznM10HUL5yapwcq/Xc/1mnZ0EhFGdy/wFswzzO4=
bcQrwX2FEKD5ExYNVSsDujZMITE=,C2hg1JutMGM/gslCL+IBmCTwALaE+RLoktC94hKI/BM=
btU+wBwvcck8v0lO72pVSOzR8jg=,7/g2/XpTym+SbbifsEEd73b3t6/viTuaymcxXe1Rd9Q=
buclO/gIMrZ2cLQsrZFkogkuB/4=,9m7ZlS+L7nEZsC/W+VaZCKkDcawZlO2I/ueF25K21nc=
bzkXMAdU+mZrrAGEwXJ6ZOvog0k=,Hc52yzbqExmBmwSb5B6Hf84zxS1+RiR4hH3UGIM7gd4=
c2N45cUuRgQD6k6CCA5XTP2576s=,mbpHhPmwhRKQLrDDyG3w7ASerJtl93qbpCvp1uvOMg8=
c82i/h9FyGTFeiBE0DEFkGt0hWU=,WqzxuWXoUwEPyyoRAxfV/OPuNR6cyVv0RKVx17jvkWI=
cMGV+l2lFr5i6KR949RkX8ThPp0=,WdGgJrULVvyyc1WKLWzHY5iE2sIXcAypNyTOT9l+Drs=
cOD6bAwP0nVwawz3jqgGD4C7LIY=,/bLdp3dMF/uIkqKDFV27wEfPikyLay52fFAZkdm5vwE=
cQEm2hwtBWfV4wsXRxPXRnLQnOw=,ojsovCP2SebyvHEchTqZsGqp64Yl7UZBwLHFwU4RXeM=
cTg28gIxU0crbrplRqkQFVggBQk=,F3VaXClfPS1y5vAxofB/QAxYi55YKyLxfq4xoVkNEYU=
cX813vV3cW0dEpzhkKS68KmDj4A=,rTBMiEpdN2vRlSCaFMOeB/DT9c+JPYArBT4bkm5V13Q=
cX8r8XJpK7S+k45f+VfxAAWdImE=,uIPOfnSXnAG4g1/9Oq1C0YhyCTrdYiIv1nwegqXXd1o=
cXdxBvUhKDub8zIk11jVVp/y2Ps=,0cA4xgfYNRqjayJvCd/ugRDRcA51YHeVdJpRKfHi8eY=
cXuKBh8xBVWrYBJ3RyAeA4gY7Ik=,xCUz069JmPWtnwclIdhdRy+n/9z8WIyCR7M33HcQk4k=
caz6WTBTcZid4xOnmVNJsmT/Tlo=,aqPIvC8474Q5omYnFnxdyMn5gcKVertpjpLj0DKrIM8=
cbNQMaAbW3uypll8/RCMPK06PXo=,qMjf0br8Ay71/wiJ0t25y4v3IWwirr3SF1bWHJzkbnE=
cbWZntYfgHFOyE9eGPu6gf6V+xM=,niG4TAlvt1I8xbodct5Cr3LP5R8aKrsAxL4Kni1KIAk=
cj14R4n3Q8q+z4ineJ4rx7EZpcA=,Yi/Tejw3KKaDjSbCo/pDjeywjkXqzD9/ypMaGCuheqI=
d42VgQQK41VYmdALyblb5SJ+LjY=,HNFQGn5Vtce3PQVLzzMxfwA8QlV9zOCU0lJrSsZjZZs=
dEoOWeoiMXq475oHkk3f0jkzqcY=,zl1dJVzTrHT59Az/PEcUZBTSkl61UmGiDwi8fsjaEcI=
dQivF3tqU5VuENUAdDA0Jlq/ZzA=,6rE/4fpPwsenurNcVvOyU8xh7Vp9kamSGTFA4/9ffGI=
dXGnGUgZvJ2d6kFH35TESHeZ03k=,58qRu/uxh4gFezqAcERupSkRYBlBAvfcw7mEjGPLnNU=
dZBu8mqAy3Uy2eSN1l3WjxyvfeE=,akUJa6APJiM5upr1IsgGq/dfzX6MvOb2gUFZARr4D88=
dvNV4fqkNvvwn1xice089Ec4ECs=,fKoDRlEkWQxgHlZ+UhSOlSwM/+iQAFMP4NlbbVDqrkE=
dxfkYaV3NJvS9JGU+E8yVn/uR0w=,xhPp1QdMH47NGm3prwLcm6F/+QCZK7tp8Pt7DQ6V2Uo=
e1tFz6/Oy3r9MZIaarbzRutXSFA=,HXXQgxueCIU5TTLHob/bPbwcKOKw6DkfsTWYHbxbqTY=
e4mckpckoYRHAst0/C70rNwy5fM=,iMNRvGyPUzX+UZZ9oBAYEtVwFFBHcUxu+KGGj3wdPo4=
e5BLVuVVQ2oXkstRnwCCBZbPXiA=,8QlYMduOGwXSjKrOYkhPy5Nim2KYYzYFufQRimUCNws=
eMCZyiNXFwkbwK1QxXnBIKgnyF4=,D5QlF1CvA5rJs4eO5kaRn/5eBka1d9atHUAnRyC21SE=
eS1zls6yfVpzDodWKTHFKPLtpV8=,ZRvWb1w9xjeVfvUYXk+mccIWVLHA6kk4T0S8slalCEw=
eYd4ai/6m7wjT5Smo3cdHg6UgA8=,p2Vo7U5/gfeV1BtnNca2R5aE7PMvCdsELEdLH2FbClA=
eYdCmt0Pja6fNZCkFcvjBPK3sVE=,FV1fflAAt+bcC3G3fO+6s2B4+MPnbOIfvbGa3CrqoK4=
eaJiL87xBjlS53ZtYsfem2p1S0k=,zvxBEaaY768fKP2m9ggQDrPe7qom4BT7SczeIuDtGKQ=
eaUSjOesrsZpyQTmSwfacsvLXY0=,McNf4BIcP1lf5Y51gNYn3oagcLSOSLKPwep2EqASTGw=
eivinkljZFvGDJzcQC+h4vX5zUc=,buQykkcv5jCohUv8xQFSqYOQk1+LYdVZ+kvWjTRJieU=
emeMWxoTRIKzIVobKorznzHgxGE=,0WHsZeZOqUoT9l7iaZYIshkh7WUdWwTDGv0SzDKgmSA=
evO2gSzSBEfoWSV3wRxCnXbjQJk=,1WXAiHfxAtWcerJX4A+6+1vuDqqFDJMYFLcc5jA2sJs=
evPGwLDyU4QaZCXYmN2lMHBNG8s=,Cg8CUDXPnKWNGu8ey0VhPE4X+1oqlIrSljvFHvPESQQ=
ezXTQNIceBlm73QQKNw+T7J4BPw=,2Psz44XJwtpymoRwa6kn3Lt5Jz4SL/2WczY7cLfzbLs=
f/ZMNigUrs0eN6/eWvJbw6CsK/4=,l8ccc25PvwKMVbF5axzMF5tsgtDyGiSZt5RPRfHUvhM=
f7hdjsQYa8Z9zC7prs405xdd4KE=,xWl76RzWVVObVgdY6RtuCFRhYjdBA0xIXkfX6dJaA8A=
f8IRgobNIsfVrJJs294fSNcFzK4=,FoRowjSDSM+KIYFgc9Zs6bLBGwhXQ8ZaxOKbrWJ7zo8=
f9Nlp8Ld7LvwMAnzQzn6Aq8zMTM=,JbQbUG5JMJUoI6brnx0x3vZF6jilxsapbXGVfjhN8Fg=
fC45IzJE6A9OZvINKP5AvsK24qA=,RKPYDT9TSFltgKCYQsI6OXdEOfiwuRkjnSoD2sXOUhM=
fDFKpG/YSFOOV5fMhGJbd6EcJQo=,ADpsxHMUW4TjcysxMbodDlra1ZoJTcqgeUg4JPZvNM8=
fOeysSzesadr6XYM4aP9TmzHufY=,FZCTHAIV86VFGcDBesVDpWeOm9HSEBZoiLnRQvELwIY=
fR+oQPam9jJOgeX4MgvDbSvEM24=,WijJ4ymDkadunRFEaE/gUoGzcOaSFngDS8ksYTZKZqk=
fW0q7Garp1E2qwJp8XCPxFkLmh8=,OfGJ79vebHRb1R6tor5OtrkC0XcBaIw4TG2osDbR298=
fWN4AspPVjAaCwPLkV8OO8iuTLg=,6AxfIJW6K4fenwiKpqwGwb+7sH/SBUf6Q6Xc+qloobQ=
fbtp64hh4UDPRyNkAIaiZmvchJU=,rxEPa1rot2fqxuCqJz84FuekCmRO2stDmBRjVud1CdY=
fjjh1WbrlzfH5ppuFLnMLNyq8O8=,P6kGt078UqKLeqtAEk9prLFGGLENHYB9dltbsu4FT9Y=
fnFL0Q8T1scol2LJ8F+vHAqRCkk=,33KodoZhVC35Cq0X/B3vEviyZpAEdbF2bkNAHIzvWLs=
frf8TCbmsHr7VOI8RXPGQ5BeKAQ=,tUk4QaBL2dn2CYbAiftL2aKEbR4xrXlo2lsRJ3pfhJw=
fuI2MKtCOcCaG4XCcg2rfAvhsmo=,oHkvDGd9OHdFbzbjvC1Aw5OPkRx0xEUrhNRDK8S/rXI=
fxusR2/jn7FfowyzxcLv0FKuW7g=,ouOQJLH7W5S3wYRL+upEp7pjckmpjuEZWIf1yoPM3mE=
g2fVd88IIcYaTtwAl6/LRR751EQ=,RjIyQQbERIIkbKWRb1Cpl/rDo7EZi+l5QjEU/nvXPjs=
g9tkbN9TIV4aK/cBwxOLwgd1wjw=,urKcZzH1jsWNm16sloV6YLN8wXyor8AY7n75EShEHeU=
gD/4Ti2mveg+r+H3biFMnPTTkzs=,HCjbR/e7AL4to+WmOS1aPCZkNoHmB9cmmPJL0vZcYXE=
gGTdXwrzepwAK6hgOAnkSGFy4Mc=,/Z+pI/hgzV4qV8n2eH9SJFXWdBW4oqw3r6NFXvVmBqM=
gT432JKwH3efXLSrc6rn9jRgL/o=,OGHXtpYfzbISBFb/b8LrdwSxp0G0vZM6g3b14ZFcppg=
gc9MmryvD8u+7OAiJ04p764wxR4=,I3MR/UT8TsIzinH2WU5tcte5PZLrAIcwPKDThUelrqg=
gi82I0l4IELXsFJYoNZ0VBV4v6o=,hshLHDpm9Cha95cFJGfj7SNv0phvAzwCxHcb4LlwSCo=
gp/6I3Mg8ZeLskxNvkLFf2bNZOg=,P6t4T8PJq57twS7NwNtVD0w9v9PobXiBUzPF66UYy50=
gv/eoYwS1Otjx2GkaIuhqHyPVyc=,G0Nm8+uK2OHaJz+7F/jtcJoRpm0+pac0NTsSs2ZA7uo=
gybPBRsfmGeHc7Dg7Pdp+ByLmhU=,ppjp1sOHa9qI3xEmFQDJsSnzq71P+DKaZLhNEx6DKM4=
hGFMEShUs9AF3pVdnhDBA8jNNhU=,zA2m4aPZeGOuqpLoOvSM4Xwr7fRcfjw4wuBjvS7sZOw=
hMQiY8iDfmZYYqv2nTywKhTA3zw=,K7m5bedOTxWYx9nuponYvohtWgqcuKpjrb244sLMoVY=
hPf6cl6IZGYdKIywd70Map9MTWI=,MLccT5EiR252HmIO7EK/pfhMSTzUm7sYNLJuVV9g3kA=
hSSwyd6+c+v4qhRQNaCCy1eoRw8=,Q23EESfhZzE59Psj73nxh9yzwWgXZUQ7zDXx1kJw9Nw=
hYrr9MW7vg5ZA5Te1oABFeMQnDk=,+OX5BbyTmREme4PVCBSpAyO1Hhg2KdtS1PwtVGilpXg=
hZe0rSIymV9iqIRCDWynk/T7Ve0=,VH+Scu2zCA5A0b7uClf30yhLP4nKiJc698KSdQYnw30=
hnCezi7Nd0tfrENFdTMWBnFYzug=,WN/0Qpn5H6hG7yxVnMGJ61rt0iC7dG05QhgbbDQxZrM=
hrsqvP7uwXxftcgU8pCEWnQyles=,RHWrMTF3yuW1twJev679YIQ0oZ2X3beyt00clozdwWU=
huHhgXG/ahLxCvIB5Mj7QM5ogIk=,9YV9iGK8K6PJ3co/hBRtyNgfTVedKzh79gBlOB7mQd0=
hwqqpxx/3Q4oIF5wIE3KsBT9mME=,32LPSGonU1trLB+SnCJUcZR1t3SaAxrJuml5AYIkdSw=
hxRiVJGRf9QO41gU1NVT7Bg1Lcs=,LJ5omEJeHyF6QTY219lQm6l6jvsTLBCr14HzvFG48/M=
i/Mb3ST5ruubFxl8rXvFpOEg+Cc=,syMSsFgbu9/qGNjMMlJml9qPPw3KR7IPkj0FItG8jK4=
i0tt7dMpuQYZ7Dk5qfCXhGrL798=,vj23t5v+V53PmwfKTK11r/FpdVaOW0XPyuTWH7Yxdag=
i96ut1OBd6gJqGDJMpWdPcMbkpY=,kK55EM+LYan5B45fpvzrIGZtGprDXIL7S3Jrzg/u6sQ=
iAdz9vG8UhpaHT2RYu1drJ0L5bc=,4O+ILaSKsLfvsNm6FbJxfdCPBDwlrAm1a4tX/O61o10=
iC3R7GZDEATHVEsr7RJt/5p53VE=,ZhzeuPJJ7haQhiEb8rvh8GXIV3BGhUdda4ZevREiQEs=
iF/hKMQ/Ossa5Nb0g+KItUPi+O4=,Mfe4hQv++sRa7AJNFJhBBQQpRQq76vvnE6pz1f192t8=
iGi/4I41xDs4a2L3KDuEgcgM100=,qQOvjAe7kbDZ4/OjDG1TM5/FvUfl1r20dlmIYMBooCQ=
iTN6sERcszBdoDXPJnrPYYL9G4U=,MHHD44UYLhDcxOSmN885+jLoYfdGG+GtbwYPb3WSWLI=
iYJnfcSdJnAAS7RQSHzePa4Ebn0=,Laj56jRU0hFGRko/nQKNxMf7tXscUsc8KwVyovWZotM=
iaD4M3W/Nrb0HaEKHFcN531peNU=,6yiBhn32dj9f5QJnN4skIM170y96dTLukGCWMDJMKzg=
ifhCphxi6sfxMgkrQT57olyuxUs=,TN3zH3HSFvkCz5L+2uhc968s17DSbGN0/l3Tnn6PrKg=
igXiMzTe9ZRfdiBU323ysA6WF2w=,BJHGiECYKJICfXK1qdAkx6KhKkXYa+OqvUHdPgq/U2c=
ipDUKZ6ZmPnHrOTgHKQOsqU0x48=,FO3yTDxGLfkTIEEVR0vNf9bT1Zcg6lrrwVhuPna+xD0=
itTrNMdLfaTfRbk9Ui84xUjtLM0=,Ug61cJfuUo0cRyP/WJc1NZAWVCDm8my1TPe9wEheUwQ=
ivrxV4QREzWQQvpXSVRpDaTE8Dc=,Uiw5YDKAJqHjIjiaigj+3BuG2cK1mzNIS3f3znkGNdc=
iw81q19G281And/Ix12DW0ijq10=,acfrU7HQZ9ilQPwgICmS1Ey4IH1plSixWqFtNmBmzoc=
j0YnonWBXI7eVmesWSC1ZEU6dEU=,CK1JnnIRmn5louMBzgzAjRRRHEsDslKuh/aLpbpLF8A=
j4Hw2qbNdDy+ZvQVa0ak/gYozKo=,w7xhAPV+Mg2GWfIlhGd+VoYKqxAU4AhKSW//jIgLa6M=
jBZVcMwWClNkwqWEqrNkF0M/gjY=,tCltX+YOUvPw/5nada9efmJZn5nr4PpBP2bmtCXD0J8=
jBmGEWoI9RDOSf3qbpx2wP4dqPg=,TL4Qu5x551Coqp8l7ZqXn9AU14S9EG+i7ZaRr5vQWUI=
jE3Z05SvPrLEeOYFRtwXiGCh220=,j0b7/BYfm4peO5ytcK46SgKAuFFnpvr0Ccp08s3BhGo=
jEweNwyxn9KsRAs6vgLP9I0tZpU=,71P/rwzrBA0Hf1vYCp3u9tRQf9tvm8+MNZS+zn69sCU=
jGesa6DdvGUeDd45s3nRXacxjpY=,OQsB8U3c5hGbjYd28B55FhFK0NScA46sLrv4Ma6jxfI=
jHN+YMkMhHcwiv1kjQmEwMwG5jU=,ojz8s9d/kFBbCeiWHUZDtAqmrgZFKLFBeBOkVrcdojc=
jIVwcsgCNTs1vZqP8qRxvqVNlXo=,FTJtmMkTIjnSS27irUnNe0E2zUiJQ1S5P0jHAaTSUAk=
jMEnoOrrMOtnmhvNqNIxxjTBnqg=,e9IhUx8wuUeWuoYz4xaoPFvyn3fa/0p/LOo8eywvqaA=
jMI1ugFdi3hPvyfUBxOemfdGAOg=,ZG53cLt/edLKzAmaHr26e/aphhiS0KdyG1/vJbmVXMc=
jMOLEd4sESgXFEeiHJG2T1Sg5lk=,o8DKV3nw6zr+PL4G4yjYqMKdYAEQQ9/+k0oaGNt5y2A=
jQ6YiW2WCINYO4AYC3oXNC0vgkI=,kh+vyVre32SWzv67GDv+R40WI9dIUm5OI64YikAbEaA=
jZCjB90aE3eZTJKrTUPeP80pZAU=,TyjEKOfdJj5oCv8L2VhgyfwCadz0NUammesg0ocahms=
jbJJaJ1yCCW5wCf1UJNWSEZx+Y8=,S9xjb0jSH7aMWjzUogaFeIBDvbUk5+hNQZLEUe40KbU=
jcHmpxynYhMAmNYkzY0rxXsAROQ=,2ZMD0cfxXpnJaGyiaohWhFWZkdJKSuzrc7QleiwGg9U=
jkX0n3PF/y8bBdsBR2AbA4qBt7o=,FGIAmy3mXW1NOb6JK9LBhkkFMc5lkOSP4ZYHDTF7YLA=
jp973bdt0EhhtLOA15CDW7NKBqo=,HQI9fK5+21/aV3EgXhGSwHAsYqjcBQ59Mmuv+lqvsy8=
jqFz+ToDIfAsV4sOAgvjnguznZc=,CG3Ne8+GSqrV74wcV3u2ihMeBVyT9jucR+4m7vFb56s=
jqOodWJlFbh1JsEzvXh/dMb5icU=,wmQvlhx8ajbxLigtZxiqraezd8NbARkrq8jbsCpbpXs=
jtKn6YGVhtyrlxXWSAYGFPb9qMQ=,qq+qbEKU/S0XoR8R+HWLenARetrazIPtUuJwBJBU7VI=
jufNDS61j9K3QCG0Lkok/WZziEo=,/7A8MnQe1ibfSQTcECsDLHds1lJC7QEofReEk4h5m54=
jwb/7b7uZH1TUyrOGWCMdJlT9RY=,auvAbfWpdaZQ2dz75b0enyS27xYAzzZKf9otuhspkzg=
k2SKEz9W6WCW3qvze7EbHnvWXks=,8Pwb2yB2srDhBl3jLhExlg/vuA9H3nmFU7rMtVXKcsc=
k5pEytB4U4ApSQTfx68zP5l1X64=,f3yIp31NO0TDOzwDC8g/GibCDUkXfKd0XZHZ3hfgjxQ=
k6FLhCC83mhgm9yF1YNRzYzZyLI=,9TcK1s21Be//Pe2ORA6pTCFmp8x/baCqwESDOhAr4lk=
k80m3NqrJY8GIKfX8dIDq/+uQGs=,sQg7hNUy5a9bov/X62szU2z3hMteG+V/wxo9KCXGqmk=
kH+u1j2PJcm1swExDtb0IF88zRs=,5TBbqyRsnCbVCJ5CBXORhJeBT0Pa4fVBb2T5XV4YzuQ=
kPmV27kDIb4QC/e1aqEsQNfqvv0=,/F/ovD3uZ1UNHoEMUNXo+0dbuaupVoaplmkqIKMfLbQ=
kRAUeBiA/dsM8JZRyrhEM9xJSE0=,UgmHQIcxPfVWvVWoW6Wj0qEbf/hyNV1cDnhh7f+KuNA=
kTCr9vPGRLfr3Si8DxSfUl1ifwI=,2SQFxG2RKlY+Qyh/Vs1BChzfY2fFfJ6nxcrgOdy8zlA=
kV5HJKQTMWPlSwfYniFkWmDKfB8=,asaRrvQqZZFaK/1kGn/1Zr9hiezkqROPyHJFFLYPsvo=
kWgyhxUdieK18aw2KDSNC3xiiOs=,Bed+8f3+BeLcpSLK5k2DeaBBt7TxbHyuNgZ6f3KhSHI=
kX7m9d5jXQapsaJn1Cki3m+SZqA=,BMgbNW7iq6k7o/CSWDhH+TRXr0hKFeTa/7tQoWCFO7w=
kaUN3R2g0SpopxuN20iaqjSpf5Y=,gWSWU7vMc6AmQ4WdB4HStdQfedBDjtBYmXD0IArOmjQ=
kbOK6H4Wb/kSHD8ppFAQRAvZd3Y=,vYz8S3HTeycZqa1Zmx/q8tnxZB0aj2VqjuJD5X1e+Ns=
kghksbufpJFbXq9T7eKS89tmrTE=,SCclEpxcM8Q3QYS40OaGIJ4Yg6ity7zGu9RnRndgnOk=
kjCSggDNwtt8+ApeI0+yuNCiaGI=,2kAI6g7kH8ovpniwV9+NC+NbuKtR/guHb1HMhrwMr8A=
kk1ojtmwQvHJLKLvtwetV5LMhRE=,xIR53dzZj47wArExuiNyNGwPlWUfxINMgw3ePpMqhtM=
kof+gjWsSuh4SsAsLWuT3Yh3dK4=,NNUNIk2ZeEoYPo62QkXSL75t+d0XFV7WnLA1F2u8i8g=
kqP8vyvWqUXPdVdcwESmNnwR4wA=,ANuh2aKMtULNuDVdPpQC9XnV+QeRM1y5wtoti92Yw8I=
kqR1LKSevoFE63n8isWVpesQdXM=,st71NirT+s0EvSkEekOET3ZwNOpIkvgOVr7mkCQ+JQI=
kwReO8JZfrVGtkVzKrp/Vfb7hS8=,RHymk94TVKqYfn6hjgWbb2ywUoMqP60VMEbwein9RE0=
l3beCjTlEJpAxOvYnVpTeyHMRz4=,4wrJfevPFcxD/U4tiJM27RJ1g4zjbu+B3eTgC/qPxGg=
l8pzU6Uus4kapkJ9qQ+T+4eMARg=,LJnkOMzeKjgSZs0B91+JhnO/y7M83gIiS1CP69grdSs=
lFQVXyHEQMxQGP7yYSpWUauypSo=,55WSdCztQQjWk2QkA5NUd3wEdkRoKIOiNSgL9J6wLko=
lJfnx3OAgiKOcvr/3Z40heO0dhQ=,Lbypg75/IUb6EFUNK57DpSEg7OFG3lDpaMVWOwnW4i4=
lL/Pd/g76iY45XEcpxHvweAv2R8=,HHEYxwp0JN2jYhtFYjTqp1OGuf2s1Qw2AOdWFxFiF5g=
lV1RidUBJGJWbRmLE+GiR1HE45c=,bcEaa/Z+/ccpQgHZkptIw55nI7BzLJf3I/ptNQ9zxWc=
lXK7zGrx8b99MnTPKWy19kFm4kg=,nCjfnG/xZDEfy9IrrSuxeZsw3PQW6nP/dIfJFvPEE1g=
lbG08JS2vcfa0REJIb7Br0n9EHs=,BStocQfshOhzA4JFLsKidFF0XXSFpX1vRk4Np6G2ryo=
liqFdn+1gxfg4S40hgtLP9huKU4=,jcq2kqCSHbSTOBm+jOKNnZgn9GwAtMQN6qqHxc+fQr4=
ljab+Nbls2hKcHp6co3TbiwLuTE=,X01XlrhrJcE2PmO00YnUo+dcZempghxk9Xby33aANW4=
lltMcLtv/JzvtT+kevuT/wnqanY=,FdMOYirN7cpg7uqnsO2VAyKYpPHhomcqWgGYadWuG5o=
lp2b4JQaOk0ixpsxmmBDoR+hrwg=,8CNnXehrT2d6VfB/rz4+gZUkAWYxs3fwoLuetW1wT9A=
lvGSROFJeyH+UGo6YbcMYbgJ1zQ=,ibF8BwBVmQpD7PIBUaFQlJhS75igVUBXqTTkRAS2ym4=
lvQ4vOpQb0TXWQn2kBLn+a6+dIE=,1g3yBUxtVi3aiB2xWPe6x4GKog+P1byPbENjkPjCIaE=
lyJmY0MS56NTO2GJfJetSUrm4hk=,rPYaGkvpxD4F79u3P7zRNkkeoTGA5HDgNOo9n5pJGLc=
lzKyAhRWX0aodN7rbIK7jjWW0qw=,/OGtTAK9mlaWIpT6xu0EdhAHG33ipdltbPvF9mfw0Ik=
m+IHV2ccHsBqBt5ZtJot39wZhi4=,iie1VXtL7HzAMF+/PVPR9xzT80kQxdZeJ+zduCB3uj0=
m/9UN7JurELSgJNE5FiYYl55do0=,TO2oJ16b1LFIwctoS8A0jh5Q0pWIeJdTMZRc3YWTrgs=
m3tY6z0D5IfI5IzqRnySVOk2u54=,Y0ZeYmqvcJ0esx51CDz5QJjoU98lE5PwHJ12oMHtQfk=
m8EesPBZo3x9g06TBFMgUZL2TOo=,rTn/MiGOe8qMYDLCGl6SgUF9QBp33Otp8+Ua9Im7NSg=
mNcsGYxErQdXf84ACO1xFucB5RI=,Mr2ZV9J9eMxTRU5LKHK+HI93vcXe+jAleRot7mEmC4c=
mh4eaBDVUO+haBNKXniiQnQmxBY=,e5qN6qt6Tz3iBr32Luqg3qxqVmZiEOyGK2KSlMHN+qg=
mmhsOenDCGsVeTjtQKH0LTxPt50=,ndF+njjSNMOq03vtL5TT4AL6H8phlxv/G3OU6qhLsU0=
mtgAMADna3+FGO6Lts6KDPgR4bs=,Z9xPMvoQ59AaeaBzqgyeAhLsL/w9d54Kp/nA8OHCyJM=
mtkqVXFkay4K3vIzrcXKDTeqqsM=,mTst73Kmh9vLm6Jtcvb5BePyHOmXK5VFMPO/WrXWoR0=
n+5Es5TV+pFPLtlVmgRW2y3E26U=,Yo46EVb2+qkvlLQJJY1Muj8gR0gNMBlPrz++0F6utbI=
n1GQ95gK9D8VDw62Cql/tzUdHS0=,kRIyRpDj34gmSoF4Iqh8zvFUduSzw4vHbhuJf12bSu8=
nAPwqNKYcmiu8u3gT+KFDrIlTs8=,P7Y8KfR7zE5qrbNXfOfKhUPgu6ulU2drj9FhKVvbkBE=
nInkE5kBiye6If5xbOKfDDvS65I=,b9/6hTBgiFzsYhVml+Q8IiPltEGwEtNynP9R2mxy0DU=
nMii5ZsAbMsOoojrpLprn7M5WYQ=,lmIInS3ydJ8NfKgeLrmNSOR+YDTvua/5KPQUMAi9VOY=
nZ8j8BkbfscjXScqzKU2OqZp5Yk=,SwdQoHL7SB/6o12XsIhbQJ9bANVnbrJoHTLzlu/qXT0=
nf2lIXmASgn+sl88H5dZcgkwHyw=,n58aztn7Dhe//1Ofh5ypPDL0K1AZz1tbYF4/++vFX+g=
ngWEfBShvDvQSu/3Sw+BIxNHMl8=,P0ev2yFqfXjTyoPh9whDVNrD1NSWhsqPuSlyQ2VPzwc=
nsENM0l5q7OxkwZgM6lqRPSwgzM=,6F+/i5oupJCdzg+1sv5fWHc0PSfVikEKiyN6tnWi3a8=
nuyZEABJa8yKP9tvBuXKFBhyk4M=,iZHiGc6fdEeer+2zU1g2Eh3SM+p2ivudmsi0oiOBqNU=
nvMD0SDnIepxSF0RQwZVePnIDuY=,0xHB8qxoWa1Vjv9aCRF2Fw/aFAd0LfOEilJQTdSkZqo=
nxV7KMRc0lS0hWs/HV4iB4+I1CY=,wkzzrVAA+Gyf9fKgWS78ziCUws1pP2XdDfhcm57vCQE=
oBEKIz6W8Qfs4q8p74Klf9AwpLQ=,vRU+17BDT2iGsXvOi76E7TQMcTLXAqj0+jGPdW7L1vM=
oByezbS4VqpPm47sZuvjv3rs350=,DnEt1aTTHj7Og1ZfQiCLU4HHgqRBc5amD7li16Yre4k=
oHNJmWjchVtl45soL1efvTO8B0g=,KkISYFqj6K7LD8GYBs87QLU7lfGjTbvW4+0nIwMkq7M=
oIG+VZvzf2EFhIstDDvgCEnuVz4=,sIwBDpLnff7Rg6p8WXckpDgvWb0vsowJrG2qwBxbCoE=
oUwJHzd+rupRhin4JOuFt78601M=,javoiDXitAWxKnEeWWJB/XeluETyAl8SAu8OHaB7Q0c=
oWdf+lZn5wr0eWmGiAMHs2n1AIY=,avMlFk3pX2sZ9KkfRDAB87O2k9TYuqm39VQmS+mrCf0=
oXJfJhsomEOVXQc31YWWnUvSw0U=,TUDnr0MEoJ3of7+YliBMBVFB4/gJsv5zO7IxD9+YoWI=
oeGeRSV5TQbZAheSgtUwiXIlFKA=,Uteop/6uSUJArKAv3mwfY6SCCM239AH3BzsBfKsRjiQ=
oiCKC6wCzYE8S7dIilSssAS23Jk=,JN7seRMzqn0GR+ACT5ZZM+jiz3++3C5F2gj8CfV+aWA=
onYOOXhrj7otcUoI96J7bgCiZCU=,kRni9BNXl3eVSZFwPu4joEUjoxK1xl9/k3SqMQDr2Oc=
owUvGGBQwokK3SshT/+OTqgwMTY=,hsE6NAjdGqd+6LaUfAOVh3L1MSSMFie++yxPSwTQRJY=
p0sCyXZbfuCrTBfrWnVpxsTlBdw=,57kyrn6b3HAddx1vOeimU0Se6kO9tHvZECKVDZF52H4=
pBNKtsBCTJ2awmMw8dk8Vkxg4vg=,0syEx3BAMz1BSMqLqv9ZKuS9jfys8OFLKTw5MlT6BDs=
pBNqPxAL1yGH1IsFyryxAs1U4oo=,uJdQSjcERi0ttGCMxP5mPnqIUqHkLzomHU75obrFtvU=
pSlI9ZWZGLU+N8iGAopOv0LwHYw=,IRAbgN2yt9AXs4ObpZhGhpzo7u4rVStJYFby7MDBJr8=
prPhKytJttdzoaqU9QHnc2VMrFA=,sPbxW0gX6+b+C0v819Os5MdYsKtvip2i7ZLmGCOdnJg=
puT/mP3lSTJ+XHXyFqJNjHQ13iI=,RwChM3z8O/awDyYqdVkGk9SoZgT+q9cF5MC474bmdb4=
pypMr56GRWrYIRsDObeTk6fQFVc=,GbK4f1qp9rl9jI6xqKSDDUQUTMbVSRxGMT702MsKA10=
q3sGV9kc7vkiGlaeYCiFwOqn/Uc=,2Q0OSTPHolp0XRI7X8tEHFr05nZzlgr67VXTghhMp1c=
qH3rvGOkdBN0AOyW4NM0wSy/bPg=,Z+oZMkOuODk5ta2eNWprK/k6k7zc+CikcIJJeIMIP4Y=
qXyS/0+vxjBbv2KAkutaRNmHLrc=,MNXOx8BQaAo3O98yEzAbQvmPKVwTfWlBoBpup/A7vMw=
qh/YdxVumeRfkNbsYyZOGepnFFA=,xwmdqI9325thUqKXFPMbmxx10dXkj1/QipIP8TULSOc=
qnxK8swST8VrJV7sW8005Eh59DM=,TWBrkeCxKuU8bDiUZt9s5sB5a10YocYag0FLq1O3Zqc=
qzPoOiMdOS5e4AWiCVkpSC3s5jY=,uTZwfuOzFCDROGym8DFOZW6j3Rj8O58MnbXzS/XCMZg=
r/ycTwroUU+wI9+Gke6cwyHM+Jo=,DoAek5oAOtIjHuJUuyTYUFfIHlOjYAc+JV/6nzVBS4M=
r0QEwkF+SIPbTjkC7OyEeubOyaQ=,JZaQTcTWma4gws703OR/KFk313RkrDcHRvUt6na6DCg=
rEcdFwM3pcFYQJ1tMtk+ogh+PHI=,BurSOk8M9PzdQTk9uoPdQB4GDdyGjWUG3KzC+9gVYBI=
rWyqlGCc7eT/+j4KdCtjA/e2Wb8=,GQbGEk27Q4V40A4GbVBUxsN/D6YCjAVUXgmU7drshik=
rarE/qYLoymeKDs43QsiVvNJPf0=,Q82Uzo2CiAw6CiZnDiNQPG6pKdVNKEpt2ZcEDvDx5B8=
rb2YejS0Jvf6xCZU7wO94CTLVBo=,lCppFqbkrlJ3EcVFAkeip0+44VaoJUymbnOaEUk7tEU=
rcHoQDCWARZSAkE4PbZR856CRks=,29GFRyQt08kadv5Hcl9cg48AKy2Cx88G2p6qbNAuu1A=
rgCmqb7VOrfcl1TokBYtb/QlraM=,I/dChIe8+L/ttFI/ZSuyCeUQIqlS3AL7CClfNCjaZ8Q=
rlWDb+wxyrn3HfqvazHzyB3jrLs=,moTAtq3clli72ADqNP3Q/ZrhZIre1wbWW2OZnQcwUmw=
rnqLFfglPvQa70NrJcCm4Ro8pqs=,H8wvfs1/9UKqnEqfWrRdcjdulVUeWxShhG+KY5EtdAA=
s40BVlRnNU85qW4VfDBEufIH2rQ=,cetpsh4zwhf1GRfZFAToKp+Bkryjpa1+hvTS0HdHF1A=
s8hWcmjGhSILqXm8HRA/dnGxlNA=,shQPJLnlxje6ndMEVR9GtIQdN2YEIsFYAHMiwD/1bdE=
sHWR42Th6gcLvyp4xAxkQTWO+/w=,kefWjCtuAo9ezyrLw+USE6olk0vI+l4C2cfY48w8a4M=
sMG7aDV/4tZBnBpxr+D8QTTNw6g=,VjXkMsRXnLEuALJNxp+H6TFiHx/nSOM+rp+YBQAK4ac=
sQqd3NPA2ODRzMc+Ejto39JR/hw=,aBD7WMFcjQLTMDtIoyGjMARZl1ERkgvd/3nEaZiH+98=
sR53NN55AbLmThsm4pt3idg5vn0=,t/AfMyQjzIcGVNtpen7nBwnmtdQgDE3/yV2wN3F4aGQ=
sT7DaQP4v0cB1JgmGggC72NkK8M=,WoiWRyIOVNa9ihaBciRSC7XHjliYS9VwUGOIud4PB18=
smcwss9FauORtW87Y/uNqKfhbZ4=,WGidDlUN69chufYwUYIOch5rfff3L4f8Nt3U7V/SPUk=
sqGa6xMhHpzzZVx0h/ks+S5+XZc=,a212qsoY/Q0uBk7rkTjanEPtKH8+p/tKbAlfmYXc8HE=
swN+rja8sHnR3JQmthG+IbJphpQ=,ziTrBibe/YFoyWp3AfCTAWAP5d0NvOWOnJe4MK8C7yg=
sxX1olePg3vUENNc8o4+U/dvQzc=,xkCa503I8SHedWK9FgEl6fcyfaqDBPWC4iVMYrqpHxo=
sxaR/e6mbuS1LkmPh3iBgOzlsbU=,UZJDjsNp1+4M5x9cbbdflB779y5YRBcV6Z6rBMLIrO4=
tMZ/GkPMm3VdL8RL8ouYEOnxURA=,S6JJlt3ub44fzsCqnsz9OqVHez749fhfCgYHP5dSKFc=
tQP3djthgmoSqhhT6wMhlL/+zso=,jXZ3ZLPL2giSnQcqIqVh9NzdG8V9PL3clIxH0rR/kSI=
tf0RfN1c7SfOxZkW8jcq1jMgL/o=,7jHHlWQco9Cur1sz5gL70X2lDGpRcEWaq3+ScquHvjQ=
tgh7DXrMrCBMhlYyXs+rboUtcFc=,foeCwVDOOVL4AuY2AjpdPpW7XWjjPoWtsroXgSXOvxU=
th9OnRxokS43cmDhRo9apSoxMbk=,SC72uIKpHLeWY4fL+VejI4aETIpWXGKIe6Q2kQ+HCp8=
thDQcSc/RbN2Lii4Ib5AORnredg=,WjFZZmg4K7mBzXIG69MQjn0n7e737hFDyxLjsE36ayM=
tiDIz75RiqRUuXjTBNEKssx+L0Y=,hqLmhgIEASticguKuke6YdSMZ139HmKHWRNfNRObcW4=
tk6FnYQfGx3UUolOB5Yt+d7xj8w=,W1drmKoTfusfKb9hJ5GefrSKMAsg/HXczvQ+QrsprtQ=
tnf6aUhHn1MS1cLqBzJ2B9GXBxk=,lnsM2T/O9/J84sJFdnrpsFp3awZJ+ZZbYpCWhGloaHI=
tqj/oqgv0KbNS7Fo8+dQEDGneSE=,qtrI6NKaNv5jkh5obsx/UGDqLR1xgp/lG+4c4Cx4aFw=
tsVMHoaGnBqIUTXuFGaZwTPrwzw=,qcBo9xZrh1RAI7mB4yFl/CBPBbyH7sVSE1OtTsRPN6A=
tytvwMcYEDE2F1IQdaHQQMM5NB8=,duBuQsh1nSLpKuehSKrmM9II4HXMCJ2zP/rDPoi46yM=
u69+Aj36pvE8hI6t7jiY7NkyMtQ=,grX4Ta9HpZx6tSHkmCrvpApTQGo67CYDnvprLg5yRME=
u6A7rPjwYIy00NX5uJDgrJIVVxs=,3V4qPszBffu/qfJ47Bez3j5V5vTnu2P+MeotFsNYsfw=
uLX4U9JyPXP2u2Rnp+Vk6xLqc2I=,8rqHoUpCjtZnIU9Eqwsz8IZwJcJMjg593mwJBPG32DI=
uMoR6QYxedvDlMboGSq8uzUWMaQ=,3y1HmsWA7qqs8mlA2x9dhb2XmGjzyJZTrEYMkGFVHM4=
uQnKnB7b02w6a67tVPFbkwY1Ll4=,knobhWIoBXbQSMUDIa2kPYcD0tlSGhjCi4xGzGquTv0=
uj1iMFAew0xjRVtTNhXcaZLY/1o=,UkJKYAjnfa3s1ldE7na0y7CB3g2phnzYNfIDRa16Gxw=
ujfIpHTGND6RJ59VG174G9mo5EE=,pdTbZvMeg0cAoy+phtnx0hNey9p1YACQzR+byVRKkUg=
uognzv8a3tVQCylmuuv1E/i6Gsc=,+L/o6D+kKP/hJZt8iGlhUf98wnJp/SR4sGoQ23ECWjE=
uq02hfida+NzGvsDkxuYcGTUDtQ=,hjV+Wz5JBgZt73yK9Nkct80XlnckAe1KvIMzI0wEP/E=
uvpxJXmLV0ElIYYLceuyZA6LIWc=,qHRDs9iW6yV8zOmbla2pvIG5204xQqqama8JQssKSjo=
ux9EHewi96D1K/KPI5BZ+LKZIKo=,jdyhS8OATef8571327Nz9ZbwyyqjKgXUlapm76goY8A=
uym4O18EJOOLcHtgfzZvF2HLrpI=,JAmZgyBaN/yCuC6L6OKrqqnAUAyuwyLczwIgFnKjx6A=
v/p+rrmdqmVpcsYyFo3gEC6lmyI=,2gbZh11XMrqbIsEfulgb7cQyrD7Dz8xihjE/x3s4TgI=
v1+30c7dH4b0W1Ws3NcQwg6piOc=,FfFKxFycfaIz00eRZOgTf+Ne4POK6FgYPwhBDqgqxLQ=
v1kgNgB5oKAia4zV8mHSuCzLgko=,YQbA46CimYMYdRJ719PMGFmAPVEcrBHrbghA3RZvwQ4=
v7Yn2ANadmVMYQFBVjHli3s62cw=,x0YSfF9rUpzp4pSO/ZRlRECJMZrPA/NNC/N+rcd9si8=
vBTpGqwm2OBJTjTWZZ+WsWatiOo=,GQgXMqrKHeTJOwAjetFyw44WnFlIQqFVQxkz80YY9Ec=
vHM+L5yRDLuPzXeZPsyF5MxYaBE=,WKKmmNhv2El9QfaOTK60qYh09DPakT3SbFykTQj/cv4=
vYiHyY/2pAoLquvF/pEjnatKijI=,FefnF7Qo/u4686/ZFQ261JcAjTo/8BaWRxmQe9sBpkU=
va0nWiw3zw1EH3Iaqrc3mREuAgQ=,nXsYFj3DqKk8RwHaZn2R1YmCn/9NDMx1F/Q/pYoHj20=
vagyDStD1bulc/1Y7V+pCt3msAs=,FlyAipmihuOlZizx5/dMuRfWh/+c6Y47IZ0bi0m6UF0=
vp5RosmSfLtgi+awaGR3WlIZoQA=,ydPagmfnGxcF4lETNn5zVLeBRHx4cTNzdJ28kJgvvws=
vqigdHJQa0S3ySPY+6j/s1draGw=,pvH5v4oKndwID7SbHvw9GhwsMtwOE2pbAMlzFvKj3BE=
vrwI1C66AEyA3CZntKXY3cNKGvk=,6z9CPfvSI57njPXWYOU61nQPaO9b2blTtyMZoCaRT4g=
vzrVX1w2+U8fPm3VKrI/XQmPvPU=,Vt/LPX1NcaLdtsjhRhum+soPTKVaRxmgDZdeYsSdqoE=
w5UaRzDVfb+DLfgRI2XDI8fhbug=,wD8Obyudl4KxW8sAkZ0sGeIb2HaVB8Bjm+xvSE9mXAA=
wAHV4HgfL3Q64+vAIVKmBO4my6Q=,nlo0sIkpvApYHIk2qv1qt1F7sVGItPb8AsRZBvcVlbA=
wBztbkeQyhyypxvcAQQoMeStBk4=,+XsEb7NGmf9Sm1CsSkWJA0xqqh7OF/yBhJxCC3HzIfQ=
wHqYaI2J+6sFZAwRfap9ZbjKzE4=,h6801m+z8v3zbgkRHpq6L29Esgfzhj89C1SyUCOQmqU=
wKSTWA37Uu5oq1PAATMJXDKDa38=,Fr5wmoPsl2DvS1GYqufUiweUOSXAJ8ViDkRM6rElCnU=
wUvtcLb3PnwAOwCPxz4ORZ8eXew=,zwtHSs6Eafq6QC8C7r354XANnL6L5OQ0hAe2ndMZbpQ=
wbEygPETkhQvbWcwkhiqfDlVFD4=,8TgPJfz9u04vPrcRyrhxi/DDx4GG9Imthu/XcPK8b6o=
x6BJdRZhhNsxS4TS8TdAkO9O3Pc=,mAki7uB/hrx/Xl6V1X24va5o4XpCHE5yqWpwioeSASQ=
xHnKjqFOAx0c3GvbMVuUPj8wfy0=,q5hJUnat8eyv8o81xTBIeB5cFxjaucjmelBPT2pRMo8=
xIDQbigVaDFa7HBfeI7hMEM46jQ=,UmC+6xletx+Glq0pH/misnxZNeVZMwrfUPyJJIl4Xss=
xK2bKM2xJvrKq56g+w6Nb74aWvA=,2rKz5GibrKbyZUWnGvcSVqWIxnDP45oeL3RUEus4nS4=
xKexpHsscfrb4UuQdf/EFWCFiRA=,Vjs8r4z+80wjNcr1YKepWQboSIRi63WsWXhIMN+eWys=
xRTnUqzhKLbk1qY6A3DwCCnlCQY=,yxfTj+M8Znpm/c2sYV7M2TfdXrwBEluspBe7DjcsDWM=
xStTkxeDyfVGQu1Dat+2gKZH8uA=,AXmIEYHplYqN1Vj1hoO1p0ES7vjxNeQEem892fBc2wE=
xXtYve3aJWnS91kWqLMywHsnW/Q=,4tiR77c4ZpEF1TDeXtcuKyrD9KZweLU0mz/ayklvXrg=
xfl3nHEnGzpSWzpzj0i59gjEeCA=,akOx5n61O5x2en9g1WUZDsiAJbz1rhnTu7xmDJ061eY=
xk+iPQZjhAmczmLkBKyNXLXpths=,BRz5+pXkDpuD7a7aaWH2Fox4ecRmAXJHnN1RqwPOpis=
xovP+kT8OmpLaKvo5784I+W6CpY=,b1KTzTzTEymGYyrcATDIpod1TIY1LWmUC75qa2OOnDI=
xwAT7nSEFPi4fItniv913d2nyuY=,V4CURurxFIQ4VP5jbtm8tVLjxhZmO8RMyVrPVlABbT4=
xwU0gk2Ag/HBTgpWxmUC/kSgVKU=,NW+tNoBdc5wcNL0Z3T16osKIBfZfDykYMX7pFjjp/SU=
y0lARr7hGfCUjZIqyNWE1Nmf2pg=,lEQ10eYIGimOstOAnCMmzZtsSTc9yzitZO4/yv0FBgM=
y6VpPzmKtNZIFTu/LDgfnDU+AuM=,6bQE5aE/y/vzQ2m6pAeZdDQcogf7Dk3YdQnVPKzkElg=
y8DZlQu6GtoBbH3FTWtDO58e5rA=,NU/SHv0yKnV22GM81NJfFG8KujR2zt8fcmQYgJfrR+0=
yERa/n/9qZuGNb7ipfYZ+16/b1k=,lLlLv5oHJvF7CXOvbUHp+y5wmWUby+/d2XsKXyqrsN0=
ycbXcMlSsG1DMyKW9bYzC9r4igY=,tyfNMnTjVirNMMBYtR6G6rflbqB3x+VYrMt/nbPbWjE=
yjS1Erm6jEWx+az957SkhrLsyiE=,ZnDUtWlFL/y3Y2bAOpbK5j7C4pj3dqUsag0zev3/w+k=
yu4JWDNKzdfxmiVGPWiPYMrJBk4=,dU3CYLL4YWsaw5ONO0bj7YV/n76j7H64wlw+mFvP8Yk=
z6pjZEcgPuIIgeaZkJdskTRYS2Y=,t/fCJ9kp/vGMOINjzsR/IxMSi+lYKsBcpHWEyGmlLhQ=
zDbMF7RFkS/tzzswSHf7tRSZvuM=,E56WeQQlcdeDiu6kcshwLzdRUDyorZ0JqeZbPak7WWw=
zF/b6hEtRyv3uBS6j2kybwgDAkE=,KRmqI5S/E70nEo1z8KJYO5Dh6J3jewKCiY+5aVQtjKg=
zL/ep5B3YmodeGkuCjibd1FTA/A=,0eysykQBLD4ebRs53Slo/H/TEnqqV6tRgqO+q8zXo6k=
zLu7htZv+L60RyJ3s7at1wFZlk0=,irTohVbL+GSl6f1QFxzU7YQk6PCAG5niNsgQkVlQrks=
zMP1Zv9zrDhalhshibiBTB/LXiU=,XvoHP0lCY0RIOrDdu92l41ly+cR8dN35jsQikLJRypc=
zMhg8kSJpAw0oKioS0gmVdmyyhw=,xp8TXUQeeGtI+L9uYWbYqwGLp1s8vrSxzalRo8WTB6I=
zMzvzClgpDuxkrY8+jJij6wlFTs=,qBKTRF2xlqIDD55FX+PHSppPgxewKwFAYCeocIF0Q0w=
zPSb/otB41k98TYOmC3wvRcaShU=,9wz12y+KY1C3TINcpqam3KMYvi9Lvwl45WJeC4g8F+Y=
zPpnk/C2uNClwB7zU/2MU9+D15Y=,9Iut199qBmkNCuMTc7EoVfje2xRRfzYqMTEBzJjMazU=
zRdCvlSktfrRqMA2SvCEAWwqVS4=,lkdbNayxyTA6kL0dv1dBj3jimvEcTejIy6Ll+TCeONQ=
zTLi8l0lRwKqj3lLMu4Dmf0wSdE=,YlZzJd3C9IAT42pMlf4HzmhIMEIpQ7Z+jGZFD3INTgk=
zXuhLLcwzHOsqx5k0Rw71sPQwUA=,XJQLU6zgBooPS1kUoSFS1QNUo+/k2sMKoH06JjhWEFk=
zZLARUY0dg3S9FuidB2rz2y2C7k=,WSrod/1nZgNFURRPCa31nuAbq8IiP+3qEqym6LYHWZg=
zdeQoW6jv9sw1toyJZAM5jkegGU=,qzmksCWVVpGkAmnzU/odXLlOr2x+qYCEhLu7Yv2faPM=
znzWG8KNVgLHY9HODxEprfQEltY=,Si5fnKuljeTZs+IyGHpQlKNGDXdG9gyFJcUytHOxIhQ=
zp6sH5vjYfbGalLwGcLwXYnwG0o=,gz3BsBJXJJP1uRqUVZNM1AvdLFFNMWvpOS6Df1IlLqo=
